관광지명,광역시/도,시/군/구,도로명주소,중분류 카테고리,소분류 카테고리,검색건수
아산스파비스,충청남도,아산시,충남 아산시 아산온천로157번길 67-0,체험관광,웰니스관광,49046
파라다이스스파도고,충청남도,아산시,충남 아산시 도고온천로 176-1,체험관광,웰니스관광,35164
파라다이스스파도고,충청남도,아산시,충남 아산시 도고온천로 176-0,체험관광,웰니스관광,33766
하늘물빛정원,충청남도,금산군,충남 금산군 검한1길 156-0,체험관광,농/산/어촌체험,22495
팜카밀레허브농원,충청남도,태안군,충남 태안군 우운길 56-19,체험관광,농/산/어촌체험,21646
아그로랜드태신목장,충청남도,예산군,충남 예산군 상몽2길 231-0,체험관광,농/산/어촌체험,20323
아름다운정원화수목,충청남도,천안시 동남구,충남 천안시 동남구 교천지산길 175-0,체험관광,농/산/어촌체험,16484
아산온천,충청남도,아산시,충남 아산시 아산온천로 217-7,체험관광,웰니스관광,14034
덕산싸이판온천,충청남도,예산군,충남 예산군 온천단지3로 84-0,체험관광,웰니스관광,13082
선도리갯벌체험마을,충청남도,서천군,충남 서천군 갯벌체험로 428-13,체험관광,농/산/어촌체험,6432
스플라스워터파크,충청남도,예산군,충남 예산군 온천단지3로 45-7,체험관광,웰니스관광,6162
신천탕,충청남도,아산시,충남 아산시 온천대로 1469-0,체험관광,웰니스관광,5139
진산리갯벌체험장,충청남도,태안군,충남 태안군 진산1길 195-17,체험관광,농/산/어촌체험,4660
풍세관광농원,충청남도,천안시 동남구,충남 천안시 동남구 송정2길 156-0,체험관광,농/산/어촌체험,3998
한밭관광농원,충청남도,논산시,충남 논산시 선비로604번길 46-20,체험관광,농/산/어촌체험,3905
금강온천,충청남도,공주시,충남 공주시 고마나루길 51-12,체험관광,웰니스관광,3220
병술만어촌체험마을,충청남도,태안군,충남 태안군,체험관광,농/산/어촌체험,2560
아이러브팜핑,충청남도,공주시,충남 공주시,체험관광,농/산/어촌체험,2500
다울관광농원,충청남도,서산시,충남 서산시 생동사동길 204-8,체험관광,농/산/어촌체험,2284
남면관광농원,충청남도,부여군,충남 부여군 금천서로8번길 40-0,체험관광,농/산/어촌체험,1966
딸기향농촌테마공원,충청남도,논산시,충남 논산시 부적로 665-0,체험관광,농/산/어촌체험,1860
한채당한옥체험관,충청남도,태안군,충남 태안군 송의로 695-13,체험관광,농/산/어촌체험,1777
세재골농원,충청남도,아산시,충남 아산시 윤보선로 52-15,체험관광,농/산/어촌체험,1614
해오름관광농원,충청남도,서천군,충남 서천군 서인로 576-0,체험관광,농/산/어촌체험,1406
아일랜드리솜오아식스선셋스파,충청남도,태안군,충남 태안군 꽃지해안로 204-0,체험관광,웰니스관광,1361
내생애첫딸기,충청남도,아산시,충남 아산시 평촌길 74-0,체험관광,농/산/어촌체험,1249
맘맘스,충청남도,천안시 동남구,충남 천안시 동남구 대평3길 2-0,체험관광,농/산/어촌체험,1163
중리어촌체험마을,충청남도,서산시,충남 서산시 어름들2길 66-0,체험관광,농/산/어촌체험,1115
계룡산온천,충청남도,공주시,충남 공주시 임금봉길 24-0,체험관광,웰니스관광,1087
해바라기올래정원,충청남도,태안군,충남 태안군,체험관광,농/산/어촌체험,1082
만대어촌체험마을,충청남도,태안군,충남 태안군 원이로 2358-117,체험관광,농/산/어촌체험,1068
숲속애빛의정원,충청남도,보령시,충남 보령시 통나무마을1길 80-0,체험관광,농/산/어촌체험,1012
히읗히읗,충청남도,아산시,충남 아산시,체험관광,농/산/어촌체험,973
중장리농촌체험휴양마을,충청남도,공주시,충남 공주시 갑사로 307-0,체험관광,농/산/어촌체험,925
덕바위마을,충청남도,논산시,충남 논산시 선비로604번길 46-20,체험관광,농/산/어촌체험,919
양촌성구랜드,충청남도,논산시,충남 논산시,체험관광,농/산/어촌체험,917
덕화온천장,충청남도,예산군,충남 예산군 덕산온천로 293-0,체험관광,웰니스관광,836
수림휴원,충청남도,보령시,충남 보령시 내성1길 117-0,체험관광,농/산/어촌체험,790
일월관광농원,충청남도,공주시,충남 공주시 산소골길 80-0,체험관광,농/산/어촌체험,631
세재골농원,충청남도,아산시,충남 아산시 윤보선로 52-26,체험관광,농/산/어촌체험,626
토끼별미술관,충청남도,천안시 서북구,충남 천안시 서북구 소댕이2길 1-17,체험관광,공예체험,625
은행마을,충청남도,보령시,충남 보령시 오서산길 150-65,체험관광,농/산/어촌체험,615
장승배기체험농장,충청남도,천안시 동남구,충남 천안시 동남구 성남신덕1길 228-0,체험관광,농/산/어촌체험,554
팔봉갯벌체험장,충청남도,서산시,충남 서산시 범머리길 402-0,체험관광,농/산/어촌체험,530
황도바지락유어체험장,충청남도,태안군,충남 태안군 황도로 588-36,체험관광,농/산/어촌체험,489
서해관광랜드,충청남도,당진시,충남 당진시 본청길 114-0,체험관광,농/산/어촌체험,486
보령팜,충청남도,보령시,충남 보령시,체험관광,농/산/어촌체험,448
허브랜드,충청남도,보령시,충남 보령시,체험관광,농/산/어촌체험,397
부여기와마을,충청남도,부여군,충남 부여군 월함로 277-0,체험관광,농/산/어촌체험,373
덕암스파,충청남도,서천군,충남 서천군 장서로 532-0,체험관광,웰니스관광,346
놀뫼종합체험학습장,충청남도,논산시,충남 논산시 황산벌로436번길 43-4,체험관광,농/산/어촌체험,343
서천송림갯벌체험장,충청남도,서천군,충남 서천군 장항산단로34번길 48-44,체험관광,농/산/어촌체험,338
웅도어촌체험마을,충청남도,서산시,충남 서산시,체험관광,농/산/어촌체험,333
공주치즈스쿨,충청남도,공주시,충남 공주시 충의로 2358-0,체험관광,농/산/어촌체험,288
상양관광농원,충청남도,보령시,충남 보령시 문화마을길 178-58,체험관광,농/산/어촌체험,287
홍산관광농원,충청남도,부여군,충남 부여군 삽티로 465-0,체험관광,농/산/어촌체험,276
세심천온천,충청남도,예산군,충남 예산군,체험관광,웰니스관광,272
조팝꽃피는마을희망센터,충청남도,금산군,충남 금산군 길곡길 8-0,체험관광,농/산/어촌체험,239
월하성어촌체험마을,충청남도,서천군,충남 서천군 월하성길 96-0,체험관광,농/산/어촌체험,232
피구지관광농원,충청남도,태안군,충남 태안군 음포길 262-10,체험관광,농/산/어촌체험,212
이시돌쉼터,충청남도,아산시,충남 아산시 여민루길 83-28,체험관광,농/산/어촌체험,201
아리랜드,충청남도,서천군,충남 서천군 합전길68번길 21-0,체험관광,농/산/어촌체험,200
갈숲마을,충청남도,서천군,충남 서천군 신성로 283-0,체험관광,농/산/어촌체험,199
덕산온천족욕장,충청남도,예산군,충남 예산군 온천단지2로 11-0,체험관광,웰니스관광,186
다울관광농원,충청남도,서산시,충남 서산시 생동사동길 222-0,체험관광,농/산/어촌체험,175
산촌생태마을,충청남도,청양군,충남 청양군,체험관광,농/산/어촌체험,168
매화둠벙마을체험관,충청남도,태안군,충남 태안군 동해길 301-41,체험관광,농/산/어촌체험,157
오색꽃차충의치유농원,충청남도,예산군,충남 예산군 덕산온천로 147-0,체험관광,농/산/어촌체험,149
하늘빛정원,충청남도,논산시,충남 논산시 바랑산2길 141-0,체험관광,농/산/어촌체험,147
홍성온천,충청남도,홍성군,충남 홍성군 내포로 42-0,체험관광,웰니스관광,135
개삼터관광공원,충청남도,금산군,충남 금산군 외말길 10-3,체험관광,농/산/어촌체험,128
마곡온천,충청남도,공주시,충남 공주시,체험관광,웰니스관광,114
보곡산골마을,충청남도,금산군,충남 금산군 산꽃로 890-0,체험관광,농/산/어촌체험,114
효덕목장,충청남도,천안시 동남구,충남 천안시 동남구 대흥2길 133-3,체험관광,농/산/어촌체험,110
효자사슴농장관광농원,충청남도,예산군,충남 예산군 홍덕서로 483-0,체험관광,농/산/어촌체험,106
강당골산촌체험관,충청남도,아산시,충남 아산시 강당학마을길 7-0,체험관광,농/산/어촌체험,101
공방고운,충청남도,천안시 동남구,충남 천안시 동남구 해정2길 34-27,체험관광,공예체험,97
라벤더공방,충청남도,아산시,충남 아산시 북수로25번길 42-1,체험관광,공예체험,97
가경주체험마을,충청남도,태안군,충남 태안군,체험관광,농/산/어촌체험,92
천안상록리조트아쿠아피아,충청남도,천안시 동남구,충남 천안시 동남구 수신로 576-0,체험관광,웰니스관광,88
아바바,충청남도,논산시,충남 논산시 선비로604번길 27-0,체험관광,농/산/어촌체험,88
친환경까치마을농촌체험관,충청남도,부여군,충남 부여군 진호로 2-0,체험관광,농/산/어촌체험,87
왕산어촌체험휴양마을,충청남도,서산시,충남 서산시 중왕뱃마을길 28-0,체험관광,농/산/어촌체험,86
노을지는갯마을,충청남도,태안군,충남 태안군 법산길 274-7,체험관광,농/산/어촌체험,86
빙도녹색농촌체험마을,충청남도,보령시,충남 보령시 빙도길 148-0,체험관광,농/산/어촌체험,84
바느질공방K,충청남도,계룡시,충남 계룡시 번영10길 25-6,체험관광,공예체험,79
연주농원,충청남도,천안시 서북구,충남 천안시 서북구 유리길 104-0,체험관광,농/산/어촌체험,78
그린농원,충청남도,천안시 서북구,충남 천안시 서북구 천안대로 2075-0,체험관광,농/산/어촌체험,75
농업회사법인자연과함께힐링,충청남도,아산시,충남 아산시 송악로453번길 113-0,체험관광,농/산/어촌체험,73
서경숙알밤농장,충청남도,공주시,충남 공주시,체험관광,농/산/어촌체험,70
벧엘딸기농장,충청남도,서산시,충남 서산시 한월당로 847-0,체험관광,농/산/어촌체험,70
신진도갯벌체험장,충청남도,태안군,충남 태안군 신진대교길 184-0,체험관광,농/산/어촌체험,70
솔뫼석주원,충청남도,당진시,충남 당진시,체험관광,농/산/어촌체험,69
퍼퓨머일랑,충청남도,천안시 서북구,충남 천안시 서북구 오성9길 27-0,체험관광,공예체험,69
서산관광농원,충청남도,서산시,충남 서산시,체험관광,농/산/어촌체험,68
열두바구니,충청남도,논산시,충남 논산시 논산대로 79-0,체험관광,공예체험,65
딸기야농원,충청남도,논산시,충남 논산시,체험관광,농/산/어촌체험,64
이안에식물,충청남도,아산시,충남 아산시,체험관광,농/산/어촌체험,58
아가다리랜드,충청남도,태안군,충남 태안군 황도로 268-0,체험관광,농/산/어촌체험,57
도고온천,충청남도,아산시,충남 아산시 도고온천로 176-0,체험관광,웰니스관광,50
금송딸기농원,충청남도,당진시,충남 당진시,체험관광,농/산/어촌체험,50
꿈꾸는달님도자기핸드페인팅공방,충청남도,태안군,충남 태안군 안면대로 3450-38,체험관광,공예체험,49
온직다원,충청남도,청양군,충남 청양군 충절로 382-20,체험관광,농/산/어촌체험,48
효자딸기농원,충청남도,논산시,충남 논산시 매죽헌로 215-7,체험관광,농/산/어촌체험,47
나오리생태예술원,충청남도,태안군,충남 태안군 원이로 2811-10,체험관광,농/산/어촌체험,46
칠갑산산꽃마을,충청남도,청양군,충남 청양군 까치내로 1063-1,체험관광,농/산/어촌체험,44
갈두천권역커뮤니티센터,충청남도,태안군,충남 태안군 대기길 12-20,체험관광,농/산/어촌체험,44
해피팜스토리,충청남도,홍성군,충남 홍성군 충절로371번길 107-45,체험관광,농/산/어촌체험,42
물여울마을,충청남도,청양군,충남 청양군 산당로 443-0,체험관광,농/산/어촌체험,41
검은들딸기농장,충청남도,당진시,충남 당진시 활량길 103-63,체험관광,농/산/어촌체험,35
승일목장미호치즈,충청남도,공주시,충남 공주시 음지말길 100-0,체험관광,농/산/어촌체험,34
꾀꼴성마을,충청남도,아산시,충남 아산시 음봉로337번길 7-115,체험관광,농/산/어촌체험,34
왕대골농촌체험마을,충청남도,홍성군,충남 홍성군 구항길240번길 21-0,체험관광,농/산/어촌체험,33
서산관광농원,충청남도,서산시,충남 서산시 수석1길 32-0,체험관광,농/산/어촌체험,33
청신목장,충청남도,공주시,충남 공주시 사실길 29-1,체험관광,농/산/어촌체험,32
석송목장,충청남도,공주시,충남 공주시 음지말길 124-0,체험관광,농/산/어촌체험,32
테라도자기공방,충청남도,계룡시,충남 계룡시 번영9길 16-0,체험관광,공예체험,32
백석올미농촌체험휴양마을,충청남도,당진시,충남 당진시,체험관광,농/산/어촌체험,31
늘샘농원,충청남도,천안시 서북구,충남 천안시 서북구 느르머리길 46-0,체험관광,농/산/어촌체험,30
송곡리은행나무길,충청남도,태안군,충남 태안군 기업도시9길 176-0,레저스포츠,육상레저스포츠,60962
대천해수욕장스카이바이크,충청남도,당진시,충남 당진시 무수들길 90-0,레저스포츠,육상레저스포츠,47215
롯데스카이힐부여컨트리클럽,충청남도,천안시 동남구,충남 천안시 동남구 수신로 576-0,레저스포츠,육상레저스포츠,42110
안면도국제꽃박람회,충청남도,계룡시,충남 계룡시 계룡대9로 104-0,레저스포츠,육상레저스포츠,37489
당진도비도항,충청남도,천안시 동남구,충남 천안시 동남구 매성2길 103-0,레저스포츠,육상레저스포츠,32721
예당호모노레일,충청남도,천안시 동남구,충남 천안시 동남구 납안5길 74-0,레저스포츠,육상레저스포츠,30295
경륜경정천안지점,충청남도,계룡시,충남 계룡시 계룡대로 976-0,레저스포츠,육상레저스포츠,29068
군헌갯벌체험장,충청남도,태안군,충남 태안군 갈음이길 77-0,레저스포츠,육상레저스포츠,25945
충청북도해양교육원,충청남도,천안시 동남구,충남 천안시 동남구 충절로 1048-68,레저스포츠,육상레저스포츠,25575
아산레일바이크,충청남도,공주시,충남 공주시 방자들길 81-50,레저스포츠,육상레저스포츠,25321
한림대학교일송문화관,충청남도,보령시,충남 보령시 해수욕장10길 79-0,레저스포츠,기타레저스포츠,25013
아산레일바이크,충청남도,서산시,충남 서산시 삼길포7로 6-0,레저스포츠,육상레저스포츠,24948
칠갑산휴양랜드,충청남도,아산시,충남 아산시 삼봉산길 188-0,레저스포츠,육상레저스포츠,22471
엠엘피서핑,충청남도,천안시 서북구,충남 천안시 서북구 성정두정로 62-0,레저스포츠,육상레저스포츠,22167
금계캠핑장,충청남도,부여군,충남 부여군 백제문로 470-0,레저스포츠,육상레저스포츠,21283
롤킹롤러스케이트장,충청남도,논산시,충남 논산시 연무로 810-0,레저스포츠,육상레저스포츠,20944
서산시스케이트장,충청남도,서산시,충남 서산시,레저스포츠,육상레저스포츠,19425
모두휴청소년야영장,충청남도,당진시,충남 당진시 계명길 33-0,레저스포츠,육상레저스포츠,16465
덕산온천눈썰매장,충청남도,금산군,충남 금산군,레저스포츠,육상레저스포츠,15398
석문체육공원,충청남도,논산시,충남 논산시 노성로 430-0,레저스포츠,육상레저스포츠,13649
백제보인증센터,충청남도,논산시,충남 논산시 선비로 1079-0,레저스포츠,육상레저스포츠,11479
덕바위눈썰매장,충청남도,아산시,충남 아산시 음봉로 312-38,레저스포츠,육상레저스포츠,10798
청양눈썰매,충청남도,아산시,충남 아산시,레저스포츠,육상레저스포츠,8270
옥마산활공장,충청남도,천안시 서북구,충남 천안시 서북구 망향로 884-0,레저스포츠,육상레저스포츠,8061
서산아라메길1구간,충청남도,천안시 동남구,충남 천안시 동남구 서리4길 48-0,레저스포츠,육상레저스포츠,7700
금성수로,충청남도,당진시,충남 당진시 난지3길 13-0,레저스포츠,수상레저스포츠,6664
세븐레포츠,충청남도,아산시,충남 아산시 충무로 1258-32,레저스포츠,수상레저스포츠,6460
대호만0번수로,충청남도,금산군,충남 금산군,레저스포츠,육상레저스포츠,4938
강경수상레져,충청남도,천안시 서북구,충남 천안시 서북구 금곡로 176-0,레저스포츠,수상레저스포츠,3937
원더팜,충청남도,보령시,충남 보령시 해수욕장10길 32-0,레저스포츠,육상레저스포츠,3893
보령요트경기장,충청남도,천안시 서북구,충남 천안시 서북구 두정로 220-0,레저스포츠,육상레저스포츠,3740
상록리조트눈썰매장,충청남도,금산군,충남 금산군 용화로 343-0,레저스포츠,육상레저스포츠,3431
태안솔향기길1코스,충청남도,보령시,충남 보령시 해수욕장10길 80-0,레저스포츠,육상레저스포츠,3290
대천항아인스월드,충청남도,공주시,충남 공주시,레저스포츠,수상레저스포츠,3238
관풍정,충청남도,보령시,충남 보령시 해안로 603-0,레저스포츠,기타레저스포츠,3128
천선원,충청남도,아산시,충남 아산시,레저스포츠,수상레저스포츠,3061
한하레저,충청남도,보령시,충남 보령시 해수욕장13길 14-17,레저스포츠,육상레저스포츠,2717
천년의숲길,충청남도,아산시,충남 아산시 서부남로 344-0,레저스포츠,수상레저스포츠,2629
AR서핑스쿨,충청남도,천안시 서북구,충남 천안시 서북구 부송로 43-40,레저스포츠,수상레저스포츠,2336
보령정,충청남도,천안시 동남구,충남 천안시 동남구 중앙로 111-0,레저스포츠,육상레저스포츠,2276
태안반도5코스,충청남도,아산시,충남 아산시 아산만로 199-7,레저스포츠,기타레저스포츠,2103
태안해변길5코스,충청남도,아산시,충남 아산시 아산만로 199-3,레저스포츠,기타레저스포츠,2052
천안케이블워터파크,충청남도,청양군,충남 청양군 구용길 586-0,레저스포츠,육상레저스포츠,2043
만리포서핑스쿨,충청남도,당진시,충남 당진시 원당골1길 238-0,레저스포츠,수상레저스포츠,1913
금강수상레저타운,충청남도,공주시,충남 공주시 문금길 86-0,레저스포츠,기타레저스포츠,1649
예당저수지야영장,충청남도,청양군,충남 청양군 청산로 690-13,레저스포츠,육상레저스포츠,1597
길성호,충청남도,아산시,충남 아산시 음봉로 52-38,레저스포츠,육상레저스포츠,1589
대천국가대표패러글라이딩,충청남도,금산군,충남 금산군 용화로 343-0,레저스포츠,육상레저스포츠,1489
배스아지트,충청남도,예산군,충남 예산군 대술동로 387-10,레저스포츠,수상레저스포츠,1466
에코힐링황톳길,충청남도,당진시,충남 당진시 교로길 30-0,레저스포츠,육상레저스포츠,1462
논산학생롤러경기장,충청남도,아산시,충남 아산시 평촌길50번길 105-17,레저스포츠,육상레저스포츠,1412
헵시바도예마을,충청남도,공주시,충남 공주시 반촌길 187-0,레저스포츠,수상레저스포츠,1364
신정호뉴수상스키장,충청남도,태안군,충남 태안군 한바위길 54-14,레저스포츠,수상레저스포츠,1364
캠피그라운드,충청남도,서산시,충남 서산시 삼길포1로 65-0,레저스포츠,수상레저스포츠,1344
골드힐카운티,충청남도,보령시,충남 보령시 통나무마을1길 32-0,레저스포츠,수상레저스포츠,1335
홍무정,충청남도,아산시,충남 아산시 윤보선로 211-0,레저스포츠,수상레저스포츠,1313
삽교호,충청남도,태안군,충남 태안군 천리포1길 122-40,레저스포츠,육상레저스포츠,1266
신정호수상레저,충청남도,논산시,충남 논산시 덕은로 619-9,레저스포츠,수상레저스포츠,1212
대천루피호,충청남도,청양군,충남 청양군 정자골길 100-43,레저스포츠,육상레저스포츠,1200
오천루어스쿨,충청남도,아산시,충남 아산시,레저스포츠,수상레저스포츠,1195
천안종합운동장인라인스케이트장,충청남도,아산시,충남 아산시 무궁화로 111-0,레저스포츠,육상레저스포츠,1160
서천특화시장,충청남도,서천군,충남 서천군 충절로 42-0,쇼핑,시장,83047
대천항수산시장,충청남도,보령시,충남 보령시 대천항로 334-0,쇼핑,시장,74576
안면도수산시장,충청남도,태안군,충남 태안군 장터로 104-0,쇼핑,시장,61245
천안중앙시장,충청남도,천안시 동남구,충남 천안시 동남구 사직로 7-0,쇼핑,시장,60370
천안농수산물도매시장,충청남도,천안시 서북구,충남 천안시 서북구 천안대로 1347-0,쇼핑,시장,41173
공주산성시장,충청남도,공주시,충남 공주시 용당길 20-0,쇼핑,시장,35713
서산동부전통시장,충청남도,서산시,충남 서산시 시장3길 3-0,쇼핑,시장,30777
금산인삼약령시장,충청남도,금산군,충남 금산군 인삼약초로 33-0,쇼핑,시장,27383
태안서부시장,충청남도,태안군,충남 태안군 시장1길 34-0,쇼핑,시장,19377
당진전통시장,충청남도,당진시,충남 당진시 당진시장길 99-0,쇼핑,시장,17895
계룡대쇼핑타운,충청남도,계룡시,충남 계룡시 신도안1길 41-0,쇼핑,쇼핑몰,17870
강경젓갈시장,충청남도,논산시,충남 논산시,쇼핑,시장,17397
온양온천시장,충청남도,아산시,충남 아산시 시장길15번길 9-0,쇼핑,시장,16660
천안시농수산물도매시장,충청남도,천안시 서북구,충남 천안시 서북구 천안대로 1347-0,쇼핑,시장,16245
삼길포어시장,충청남도,서산시,충남 서산시 삼길포1로 0-0,쇼핑,시장,15036
백사장어촌계수산시장,충청남도,태안군,충남 태안군 백사장1길 126-0,쇼핑,시장,14931
몽산포어촌계수산물판매장,충청남도,태안군,충남 태안군 몽대로 495-26,쇼핑,시장,13922
광천토굴새우젓시장,충청남도,홍성군,충남 홍성군 광천로299번길 34-0,쇼핑,시장,12795
보령중앙시장,충청남도,보령시,충남 보령시 중앙시장2길 9-0,쇼핑,시장,11024
예산중앙시장,충청남도,예산군,충남 예산군 형제고개로 967-0,쇼핑,시장,10873
와이몰,충청남도,아산시,충남 아산시 광장로 210-0,쇼핑,쇼핑몰,8319
부여중앙시장,충청남도,부여군,충남 부여군 중앙로 15-0,쇼핑,시장,8050
아우내장터,충청남도,천안시 동남구,충남 천안시 동남구 아우내순대길 0-0,쇼핑,시장,7435
합덕시장,충청남도,당진시,충남 당진시 버그내2길 128-25,쇼핑,시장,7267
무창포수산물시장,충청남도,보령시,충남 보령시 열린바다2길 46-0,쇼핑,시장,6009
삽교호수산물특화시장,충청남도,당진시,충남 당진시 삽교천길 101-10,쇼핑,시장,5902
홍원항어촌계수산물판매장,충청남도,서천군,충남 서천군 홍원길 123-0,쇼핑,시장,5652
성환이화시장,충청남도,천안시 서북구,충남 천안시 서북구 성환중앙로 50-0,쇼핑,시장,4898
홍성시장,충청남도,홍성군,충남 홍성군 조양로 179-1,쇼핑,시장,4393
청양시장,충청남도,청양군,충남 청양군 칠갑산로 232-0,쇼핑,시장,4272
홍성5일정기시장,충청남도,홍성군,충남 홍성군 홍성천길 242-0,쇼핑,시장,4038
유구시장,충청남도,공주시,충남 공주시 시장길 29-4,쇼핑,시장,3839
별빛우물성정시장,충청남도,천안시 서북구,충남 천안시 서북구 양지7길 22-0,쇼핑,시장,3697
장항전통시장,충청남도,서천군,충남 서천군 성화로 104-0,쇼핑,시장,3542
광천전통시장,충청남도,홍성군,충남 홍성군 광천로285번길 0-0,쇼핑,시장,3416
당진어시장,충청남도,당진시,충남 당진시 당진시장길 100-0,쇼핑,시장,2939
금빛시장,충청남도,금산군,충남 금산군 건삼전길 11-0,쇼핑,시장,2815
태안동부시장,충청남도,태안군,충남 태안군 시장4길 29-1,쇼핑,시장,2758
연산시장,충청남도,논산시,충남 논산시 연산4길 10-7,쇼핑,시장,2704
역전시장,충청남도,예산군,충남 예산군 역전로 84-0,쇼핑,시장,2349
병천시장,충청남도,천안시 동남구,충남 천안시 동남구 병천2로 7-0,쇼핑,시장,2317
전망대종합어시장,충청남도,당진시,충남 당진시 삽교천3길 93-0,쇼핑,시장,2264
부여시장,충청남도,부여군,충남 부여군 성왕로173번길 12-0,쇼핑,시장,2145
부여축협가축시장,충청남도,부여군,충남 부여군 삼용로 3-40,쇼핑,시장,2124
금산수삼시장,충청남도,금산군,충남 금산군 인삼약초로 48-8,쇼핑,시장,1819
강경대흥시장,충청남도,논산시,충남 논산시 계백로105번길 8-4,쇼핑,시장,1695
천안역전시장,충청남도,천안시 동남구,충남 천안시 동남구 공설시장1길 9-0,쇼핑,시장,1590
한내시장,충청남도,보령시,충남 보령시 한내시장길 12-0,쇼핑,시장,1374
예산5일장,충청남도,예산군,충남 예산군,쇼핑,시장,1313
홍성상설시장,충청남도,홍성군,충남 홍성군 아문길 60-0,쇼핑,시장,1234
덕산시장,충청남도,예산군,충남 예산군 읍내길 12-2,쇼핑,시장,1188
금산인삼종합쇼핑센터,충청남도,금산군,충남 금산군 인삼광장로 47-0,쇼핑,쇼핑몰,1184
대천어항,충청남도,보령시,충남 보령시 대천항중앙길 17-0,쇼핑,시장,1173
정산시장,충청남도,청양군,충남 청양군 정현길 54-0,쇼핑,시장,1141
금산인삼국제시장,충청남도,금산군,충남 금산군 인삼약초로 45-0,쇼핑,시장,1029
신평시장,충청남도,당진시,충남 당진시,쇼핑,시장,956
온양온천역풍물5일장,충청남도,아산시,충남 아산시 온천대로 1496-0,쇼핑,시장,927
선영비앤씨,충청남도,천안시 동남구,충남 천안시 동남구 풍세로 746-0,쇼핑,시장,893
공주밤마실야시장,충청남도,공주시,충남 공주시,쇼핑,시장,893
금산약초시장,충청남도,금산군,충남 금산군 비단로 144-0,쇼핑,시장,853
갈산장,충청남도,홍성군,충남 홍성군 갈산로114번길 7-0,쇼핑,시장,826
청과물종합유통센터,충청남도,천안시 서북구,충남 천안시 서북구 연암율금로 129-0,쇼핑,시장,823
삽교시장,충청남도,예산군,충남 예산군 두리3길 50-7,쇼핑,시장,819
고덕시장,충청남도,예산군,충남 예산군 용고길 344-0,쇼핑,시장,756
백마강달밤야시장,충청남도,부여군,충남 부여군 성왕로173번길 12-0,쇼핑,시장,751
국일수산어패류,충청남도,보령시,충남 보령시 고잠2길 2-0,쇼핑,시장,637
연무안심시장,충청남도,논산시,충남 논산시,쇼핑,시장,622
태안수산,충청남도,태안군,충남 태안군 시장1길 33-1,쇼핑,시장,564
태봉,충청남도,천안시 서북구,충남 천안시 서북구,쇼핑,시장,550
둔포축산,충청남도,아산시,충남 아산시 둔포로 48-2,쇼핑,시장,542
동부시장,충청남도,보령시,충남 보령시 구상가길 14-3,쇼핑,시장,494
미트밸리,충청남도,아산시,충남 아산시 배방로 239-1,쇼핑,시장,479
홍산전통시장,충청남도,부여군,충남 부여군 홍산시장로 43-8,쇼핑,시장,449
광천정기시장,충청남도,홍성군,충남 홍성군,쇼핑,시장,373
송도수산,충청남도,보령시,충남 보령시 새마을1길 38-13,쇼핑,시장,364
웅천장,충청남도,보령시,충남 보령시 장터5길 22-0,쇼핑,시장,341
법인우림미트,충청남도,천안시 서북구,충남 천안시 서북구 문성1길 15-0,쇼핑,시장,339
동방생활산업,충청남도,천안시 동남구,충남 천안시 동남구 5산단로 182-0,쇼핑,쇼핑몰,338
중앙시장,충청남도,천안시 동남구,충남 천안시 동남구 영성로 57-0,쇼핑,시장,326
금산5일장,충청남도,금산군,충남 금산군,쇼핑,시장,326
청양가축시장,충청남도,청양군,충남 청양군 구봉로 1303-0,쇼핑,시장,307
부여5일장,충청남도,부여군,충남 부여군 성왕로161번길 0-0,쇼핑,시장,292
청양군산림조합,충청남도,청양군,충남 청양군 중앙로 64-0,쇼핑,시장,289
해미시장,충청남도,서산시,충남 서산시 읍성마을2길 12-0,쇼핑,시장,288
폭스캐럿21,충청남도,천안시 동남구,충남 천안시 동남구 만남로 6-0,쇼핑,쇼핑몰,285
논산가축시장,충청남도,논산시,충남 논산시 백일헌로 30-0,쇼핑,시장,273
둔포시장,충청남도,아산시,충남 아산시 둔포면로25번길 15-0,쇼핑,시장,271
신광상회,충청남도,서산시,충남 서산시 나무장1길 16-0,쇼핑,시장,271
청양특화시장,충청남도,청양군,충남 청양군 문화예술로 112-0,쇼핑,시장,262
직산민물수산,충청남도,천안시 서북구,충남 천안시 서북구 천안대로 1347-0,쇼핑,시장,250
태안남부수협몽산위판장,충청남도,태안군,충남 태안군 몽대로 495-38,쇼핑,시장,246
보령축협가축시장,충청남도,보령시,충남 보령시 송덕신송길 547-6,쇼핑,시장,243
대천5일장,충청남도,보령시,충남 보령시 중앙시장3길 0-0,쇼핑,시장,226
판교시장,충청남도,서천군,충남 서천군 종판로887번길 26-8,쇼핑,시장,222
현대닭집,충청남도,천안시 동남구,충남 천안시 동남구 충무로 415-0,쇼핑,시장,218
중앙시장,충청남도,아산시,충남 아산시 시민로 394-0,쇼핑,시장,200
광천가축시장,충청남도,홍성군,충남 홍성군 충서로 399-0,쇼핑,시장,180
입장시장,충청남도,천안시 서북구,충남 천안시 서북구 입장시장3길 8-2,쇼핑,시장,179
당진축협송아지경매시장,충청남도,당진시,충남 당진시 덕평로 1280-10,쇼핑,시장,176
태안조석시장,충청남도,태안군,충남 태안군 시장4길 28-1,쇼핑,시장,175
중앙시장,충청남도,서천군,충남 서천군 장마로28번길 0-0,쇼핑,시장,160
세정미트,충청남도,서산시,충남 서산시 한마음16로 17-0,쇼핑,시장,156
서산가축경매시장,충청남도,서산시,충남 서산시 운암로 141-6,쇼핑,시장,146
관성상회,충청남도,홍성군,충남 홍성군 의사로43번길 19-0,쇼핑,시장,131
목천가구단지,충청남도,천안시 동남구,충남 천안시 동남구,쇼핑,기타쇼핑시설,131
대산종합시장,충청남도,서산시,충남 서산시 구진로 21-3,쇼핑,시장,129
청양약초구기자시장,충청남도,청양군,충남 청양군 칠갑산로4길 28-0,쇼핑,시장,127
대신전복수산,충청남도,보령시,충남 보령시 머드로 85-0,쇼핑,시장,125
논산시장약국,충청남도,논산시,충남 논산시 대화로70번길 20-0,쇼핑,시장,114
입장포도직판장,충청남도,천안시 서북구,충남 천안시 서북구 성진로 755-0,쇼핑,시장,112
한산시장,충청남도,서천군,충남 서천군,쇼핑,시장,107
온양상설시장,충청남도,아산시,충남 아산시 시민로 400-0,쇼핑,시장,106
선화수산,충청남도,보령시,충남 보령시 새마을1길 60-24,쇼핑,시장,99
기지시장,충청남도,당진시,충남 당진시 기지시1길 0-0,쇼핑,시장,97
더마린수산시장,충청남도,당진시,충남 당진시 삽교천3길 7-0,쇼핑,시장,96
태안조석수산물센터,충청남도,태안군,충남 태안군 시장4길 0-0,쇼핑,시장,96
한성수산,충청남도,보령시,충남 보령시 새마을1길 90-0,쇼핑,시장,95
삽교장,충청남도,예산군,충남 예산군 삽교로3길 2-0,쇼핑,시장,95
한산오일장,충청남도,서천군,충남 서천군 충절로1173번길 21-1,쇼핑,시장,94
아산부티크패션타운,충청남도,아산시,충남 아산시 온천대로 1626-7,쇼핑,쇼핑몰,92
해미종합시장,충청남도,서산시,충남 서산시 남문1로 47-0,쇼핑,시장,84
79푸드컴퍼니,충청남도,천안시 서북구,충남 천안시 서북구 성진로 281-0,쇼핑,시장,79
온양수산,충청남도,아산시,충남 아산시 시민로405번길 6-1,쇼핑,시장,77
수산물판매장,충청남도,태안군,충남 태안군 몽대로 495-26,쇼핑,시장,76
예산상설시장,충청남도,예산군,충남 예산군 형제고개로 967-0,쇼핑,시장,75
금산장,충청남도,금산군,충남 금산군 뒷담말1길 17-1,쇼핑,시장,74
간월도수산,충청남도,태안군,충남 태안군 원이로 2925-401,쇼핑,시장,74
예산시장,충청남도,예산군,충남 예산군,쇼핑,시장,68
상일수산,충청남도,태안군,충남 태안군 시장3길 4-0,쇼핑,시장,66
시티아일랜드,충청남도,홍성군,충남 홍성군 조양로247번길 9-0,쇼핑,쇼핑몰,66
서산장,충청남도,서산시,충남 서산시 관아문길 0-0,쇼핑,시장,61
마전시장,충청남도,금산군,충남 금산군,쇼핑,시장,61
대천항활어판매장,충청남도,보령시,충남 보령시 대천항2길 87-0,쇼핑,시장,60
산성시장 활성화구역,충청남도,공주시,충남 공주시 국고개길 20-0,쇼핑,시장,59
우찬산업,충청남도,당진시,충남 당진시 유래길 58-15,쇼핑,시장,59
형제수산,충청남도,태안군,충남 태안군 신진부두길 48-0,쇼핑,시장,59
강경중앙종합시장,충청남도,논산시,충남 논산시 계백로167번길 0-0,쇼핑,시장,54
사랑수산,충청남도,보령시,충남 보령시 대천항로 334-0,쇼핑,시장,53
양반유통,충청남도,천안시 동남구,충남 천안시 동남구 순천향1길 7-0,쇼핑,시장,52
청림축산,충청남도,당진시,충남 당진시 초락2로 141-10,쇼핑,시장,52
거북수산,충청남도,태안군,충남 태안군 신진부두길 36-0,쇼핑,시장,52
이오수산,충청남도,서천군,충남 서천군 장항로172번길 55-0,쇼핑,시장,50
현대상가시장,충청남도,보령시,충남 보령시 대흥로 16-0,쇼핑,시장,48
신일수산,충청남도,보령시,충남 보령시 고잠2길 2-46,쇼핑,시장,46
비인5일시장,충청남도,서천군,충남 서천군 비인로149번길 12-0,쇼핑,시장,45
농업회사법인금산,충청남도,아산시,충남 아산시 갈산교로 95-0,쇼핑,시장,43
서부시장,충청남도,서산시,충남 서산시 번화2로 29-0,쇼핑,시장,42
풍년유통,충청남도,천안시 동남구,충남 천안시 동남구 중앙로 36-0,쇼핑,시장,40
광시시장,충청남도,예산군,충남 예산군 예당로 165-22,쇼핑,시장,40
논산공설시장,충청남도,논산시,충남 논산시 중앙로492번길 3-3,쇼핑,시장,39
자유시장,충청남도,천안시 동남구,충남 천안시 동남구 문화로 13-11,쇼핑,시장,38
부여장,충청남도,부여군,충남 부여군 서동로 0-0,쇼핑,시장,38
형제수산,충청남도,보령시,충남 보령시 머드로 40-0,쇼핑,시장,37
권수산,충청남도,보령시,충남 보령시 해수욕장6길 73-0,쇼핑,시장,36
갈매기수산,충청남도,보령시,충남 보령시 대천항로 334-0,쇼핑,시장,36
중앙수산,충청남도,태안군,충남 태안군 한바위길 61-0,쇼핑,시장,36
동물농장,충청남도,서산시,충남 서산시 안견로 131-0,쇼핑,시장,35
당진수협수산물회센터,충청남도,당진시,충남 당진시 당진중앙1로 179-0,쇼핑,시장,33
복성수산,충청남도,보령시,충남 보령시 대천항로 334-0,쇼핑,시장,32
동학사,충청남도,공주시,충남 공주시 동학사1로 462-0,역사관광,종교성지,133741
해미읍성,충청남도,서산시,충남 서산시 남문2로 143-0,역사관광,역사유적지,118347
수덕사,충청남도,예산군,충남 예산군 수덕사안길 79-0,역사관광,종교성지,103187
마곡사,충청남도,공주시,충남 공주시 마곡사로 966-0,역사관광,종교성지,75345
공산성,충청남도,공주시,충남 공주시 웅진로 280-0,역사관광,역사유적지,68718
궁남지,충청남도,부여군,충남 부여군 궁남로 52-0,역사관광,역사유적지,63291
현충사,충청남도,아산시,충남 아산시 현충사길 48-0,역사관광,역사유적지,56620
외암리민속마을,충청남도,아산시,충남 아산시 외암민속길 42-7,역사관광,역사유적지,53206
개심사,충청남도,서산시,충남 서산시 개심사로 321-86,역사관광,종교성지,44298
간월암,충청남도,서산시,충남 서산시 간월도1길 119-29,역사관광,종교성지,41428
서산유기방가옥,충청남도,서산시,충남 서산시 이문안길 72-10,역사관광,역사유적지,36254
갑사,충청남도,공주시,충남 공주시 갑사로 567-3,역사관광,종교성지,35471
각원사,충청남도,천안시 동남구,충남 천안시 동남구 각원사길 245-0,역사관광,종교성지,29790
안면암,충청남도,태안군,충남 태안군 여수해길 198-160,역사관광,종교성지,23996
무령왕릉,충청남도,공주시,충남 공주시 왕릉로 37-0,역사관광,역사유적지,23498
공주한옥마을,충청남도,공주시,충남 공주시 관광단지길 12-0,역사관광,역사유적지,22091
솔뫼성지,충청남도,당진시,충남 당진시 솔뫼로 132-0,역사관광,역사유적지,18992
광덕사,충청남도,천안시 동남구,충남 천안시 동남구 광덕사길 30-0,역사관광,종교성지,18350
신원사,충청남도,공주시,충남 공주시 신원사동길 1-0,역사관광,종교성지,16869
낙화암,충청남도,부여군,충남 부여군,역사관광,역사유적지,15783
관촉사,충청남도,논산시,충남 논산시 관촉로1번길 25-0,역사관광,종교성지,13976
문수사,충청남도,서산시,충남 서산시 문수골길 201-0,역사관광,종교성지,13530
추사고택,충청남도,예산군,충남 예산군,역사관광,역사유적지,12017
장곡사,충청남도,청양군,충남 청양군 장곡길 241-0,역사관광,종교성지,10444
서산마애여래삼존상,충청남도,서산시,충남 서산시 마애삼존불길 65-13,역사관광,역사유적지,9269
마량리동백나무숲,충청남도,서천군,충남 서천군 서인로235번길 103-0,역사관광,역사유적지,8761
정림사지5층석탑,충청남도,부여군,충남 부여군,역사관광,역사유물,8339
정림사지,충청남도,부여군,충남 부여군 정림로 83-0,역사관광,역사유적지,8058
반야사,충청남도,논산시,충남 논산시 삼전길 104-0,역사관광,종교성지,7873
부소산성,충청남도,부여군,충남 부여군 부소로 31-0,역사관광,역사유적지,7831
부석사,충청남도,서산시,충남 서산시 부석사길 243-0,역사관광,종교성지,7349
부소산성,충청남도,부여군,충남 부여군 부소로 1-25,역사관광,역사유적지,7173
동백정,충청남도,서천군,충남 서천군 서인로235번길 103-0,역사관광,역사유적지,7037
무량사,충청남도,부여군,충남 부여군 무량로 203-0,역사관광,종교성지,6834
봉곡사,충청남도,아산시,충남 아산시 도송로632번길 138-0,역사관광,종교성지,6665
충청수영성,충청남도,보령시,충남 보령시,역사관광,역사유적지,5863
조양문,충청남도,홍성군,충남 홍성군,역사관광,역사유적지,5247
흑성산성,충청남도,천안시 동남구,충남 천안시 동남구,역사관광,역사유적지,5210
칠백의총,충청남도,금산군,충남 금산군 의총길 50-0,역사관광,역사유적지,5138
면천읍성,충청남도,당진시,충남 당진시 군자길 3-0,역사관광,역사유적지,5083
쌍계사,충청남도,논산시,충남 논산시 중산길 192-0,역사관광,종교성지,4882
공주무령왕릉과왕릉원,충청남도,공주시,충남 공주시,역사관광,역사유적지,4299
윤정사,충청남도,아산시,충남 아산시 배방산길 250-31,역사관광,종교성지,3936
논산명재고택,충청남도,논산시,충남 논산시 노성산성길 50-0,역사관광,역사유적지,3876
충의사,충청남도,예산군,충남 예산군 덕산온천로 183-5,역사관광,역사유적지,3851
보석사,충청남도,금산군,충남 금산군 보석사1길 30-0,역사관광,종교성지,3762
성불사,충청남도,천안시 동남구,충남 천안시 동남구 성불사길 144-0,역사관광,종교성지,3727
유관순열사생가,충청남도,천안시 동남구,충남 천안시 동남구 유관순생가길 18-2,역사관광,역사유적지,3653
돈암서원,충청남도,논산시,충남 논산시 임3길 26-14,역사관광,역사유적지,3530
태고사,충청남도,금산군,충남 금산군 청림동로 0-0,역사관광,종교성지,3305
김좌진장군생가지,충청남도,홍성군,충남 홍성군 백야로546번길 12-0,역사관광,역사유적지,3082
수리치골성지,충청남도,공주시,충남 공주시 용수봉갑길 544-0,역사관광,역사유적지,2880
부여왕릉원,충청남도,부여군,충남 부여군,역사관광,역사유적지,2839
개태사,충청남도,논산시,충남 논산시 계백로 2614-11,역사관광,역사유적지,2617
향천사,충청남도,예산군,충남 예산군 향천사로 117-20,역사관광,종교성지,2617
부소산성,충청남도,부여군,충남 부여군 부소로 0-0,역사관광,역사유적지,2615
공주공산성연지,충청남도,공주시,충남 공주시,역사관광,역사유적지,2548
미암사,충청남도,부여군,충남 부여군 성충로미암길 128-0,역사관광,종교성지,2538
맹사성고택,충청남도,아산시,충남 아산시 행단길 23-4,역사관광,역사유적지,2367
봉원암,충청남도,공주시,충남 공주시 화봉평정길 327-8,역사관광,종교성지,2306
문헌서원,충청남도,서천군,충남 서천군 서원로172번길 66-0,역사관광,역사유적지,2285
무상사,충청남도,계룡시,충남 계룡시 향적산길 129-0,역사관광,종교성지,2280
홍주읍성,충청남도,홍성군,충남 홍성군,역사관광,역사유적지,2267
영탑사,충청남도,당진시,충남 당진시 성하로 139-33,역사관광,종교성지,2192
이충무공묘소,충청남도,아산시,충남 아산시 고룡산로 12-38,역사관광,역사유적지,2180
학림사,충청남도,공주시,충남 공주시 제석골길 67-0,역사관광,종교성지,2171
홍주의사총,충청남도,홍성군,충남 홍성군,역사관광,역사유적지,2116
지장정사,충청남도,논산시,충남 논산시 화곡안길 103-0,역사관광,종교성지,2115
한용운선생생가지,충청남도,홍성군,충남 홍성군 만해로318번길 83-0,역사관광,역사유적지,2045
공주중동성당,충청남도,공주시,충남 공주시 성당길 6-0,역사관광,역사유적지,2044
"종학당(정수루,숙사)",충청남도,논산시,충남 논산시 종학길 39-6,역사관광,역사유적지,1905
견훤왕릉,충청남도,논산시,충남 논산시,역사관광,역사유적지,1894
구룡사,충청남도,천안시 동남구,충남 천안시 동남구 백자1길 72-113,역사관광,종교성지,1781
남연군묘,충청남도,예산군,충남 예산군,역사관광,역사유적지,1712
아산윤보선대통령생가,충청남도,아산시,충남 아산시 해위길52번길 29-0,역사관광,역사유적지,1701
구룡사,충청남도,공주시,충남 공주시 용봉입동로 846-40,역사관광,종교성지,1699
성주사지,충청남도,보령시,충남 보령시,역사관광,역사유적지,1698
계백장군유적지,충청남도,논산시,충남 논산시,역사관광,역사유적지,1638
청송사,충청남도,천안시 동남구,충남 천안시 동남구 향교1길 23-0,역사관광,종교성지,1607
서산보원사지,충청남도,서산시,충남 서산시,역사관광,역사유적지,1603
모덕사,충청남도,청양군,충남 청양군,역사관광,역사유적지,1557
영랑사,충청남도,당진시,충남 당진시 진관로 142-52,역사관광,종교성지,1551
고란사,충청남도,부여군,충남 부여군 부소로 1-25,역사관광,종교성지,1485
계룡산도예촌,충청남도,공주시,충남 공주시 도예촌길 71-24,역사관광,역사유적지,1388
성곡사,충청남도,공주시,충남 공주시 성곡길 371-0,역사관광,종교성지,1383
서광사,충청남도,서산시,충남 서산시 부춘산1로 44-0,역사관광,종교성지,1339
공주고마나루,충청남도,공주시,충남 공주시,역사관광,역사유적지,1292
개심사대웅전,충청남도,서산시,충남 서산시 개심사로 321-86,역사관광,역사유적지,1291
만수사,충청남도,천안시 동남구,충남 천안시 동남구 용곡1길 54-0,역사관광,종교성지,1278
승천사,충청남도,천안시 동남구,충남 천안시 동남구 약수로 46-0,역사관광,종교성지,1200
가림성,충청남도,부여군,충남 부여군 성흥로97번길 167-0,역사관광,역사유적지,1182
안흥성,충청남도,태안군,충남 태안군,역사관광,역사유적지,1162
안심사,충청남도,청양군,충남 청양군 상갑1길 130-23,역사관광,종교성지,1157
흥주사,충청남도,태안군,충남 태안군 속말1길 61-61,역사관광,종교성지,1108
여사울성지,충청남도,예산군,충남 예산군,역사관광,역사유적지,1068
왕대사,충청남도,보령시,충남 보령시 절길 44-0,역사관광,종교성지,1068
당진필경사,충청남도,당진시,충남 당진시 상록수길 97-0,역사관광,역사유적지,1036
서원사,충청남도,아산시,충남 아산시 서원길 144-11,역사관광,종교성지,1003
안심정사논산본찰,충청남도,논산시,충남 논산시 안심로207번길 11-0,역사관광,종교성지,982
신안사,충청남도,금산군,충남 금산군 신안사로 970-0,역사관광,종교성지,977
천안향교,충청남도,천안시 동남구,충남 천안시 동남구 향교1길 89-0,역사관광,역사유적지,966
예산성당,충청남도,예산군,충남 예산군 예산로161번길 10-0,역사관광,역사유적지,952
법계사,충청남도,논산시,충남 논산시 바랑산1길 224-0,역사관광,종교성지,931
이종일선생생가지,충청남도,태안군,충남 태안군 옥파로 199-7,역사관광,역사유적지,920
백제왕릉원,충청남도,부여군,충남 부여군,역사관광,역사유적지,919
부여금사리성당,충청남도,부여군,충남 부여군 성충로1342번길 21-0,역사관광,역사유적지,915
태을암,충청남도,태안군,충남 태안군 마애삼존불길 132-0,역사관광,종교성지,867
논산강경구락부,충청남도,논산시,충남 논산시 계백로167번길 46-0,역사관광,역사유적지,862
대조사,충청남도,부여군,충남 부여군 성흥로197번길 112-0,역사관광,종교성지,851
만일사,충청남도,천안시 서북구,충남 천안시 서북구 천흥4길 503-0,역사관광,종교성지,846
계백장군묘,충청남도,논산시,충남 논산시,역사관광,역사유적지,837
개덕사,충청남도,금산군,충남 금산군 개덕사길 83-0,역사관광,종교성지,835
동자굿당,충청남도,공주시,충남 공주시 보목2길 13-14,역사관광,종교성지,831
보덕사,충청남도,당진시,충남 당진시 보덕포로 582-83,역사관광,종교성지,827
천안봉선홍경사갈기비,충청남도,천안시 서북구,충남 천안시 서북구 대홍3길 77-48,역사관광,역사유적지,796
계룡산연화당,충청남도,논산시,충남 논산시 상월로 794-51,역사관광,종교성지,785
세심사,충청남도,아산시,충남 아산시 산양길 180-0,역사관광,종교성지,780
천장사,충청남도,서산시,충남 서산시 천장사길 100-0,역사관광,종교성지,780
보명사,충청남도,천안시 서북구,충남 천안시 서북구 보명사길 121-0,역사관광,종교성지,757
유관순열사유적지,충청남도,천안시 동남구,충남 천안시 동남구 유관순길 38-0,역사관광,역사유적지,750
금강사,충청남도,공주시,충남 공주시 마티고개로 175-4,역사관광,종교성지,746
노성산성,충청남도,논산시,충남 논산시,역사관광,역사유적지,704
신경섭가옥,충청남도,보령시,충남 보령시 장밭길 62-0,역사관광,역사유적지,694
김좌진장군묘,충청남도,보령시,충남 보령시,역사관광,역사유적지,692
해미읍성사적116호,충청남도,서산시,충남 서산시,역사관광,역사유적지,692
태안마애삼존불,충청남도,태안군,충남 태안군 원이로 78-132,역사관광,역사유적지,677
석문각,충청남도,당진시,충남 당진시,역사관광,역사유적지,669
보문사,충청남도,아산시,충남 아산시 송곡길 176-0,역사관광,종교성지,661
이동녕선생생가지,충청남도,천안시 동남구,충남 천안시 동남구 동리4길 36-0,역사관광,역사유적지,632
신원사대웅전,충청남도,공주시,충남 공주시 신원사동길 1-0,역사관광,역사유적지,610
개삼터,충청남도,금산군,충남 금산군 개삼로 101-0,역사관광,역사유적지,603
탈해사,충청남도,예산군,충남 예산군 수철길 294-22,역사관광,종교성지,568
면천향교,충청남도,당진시,충남 당진시 동문2길 36-7,역사관광,역사유적지,564
천흥사,충청남도,천안시 서북구,충남 천안시 서북구,역사관광,종교성지,554
일락사,충청남도,서산시,충남 서산시 일락골길 501-0,역사관광,종교성지,541
웅비탑,충청남도,공주시,충남 공주시,역사관광,역사유물,539
정암사,충청남도,홍성군,충남 홍성군 오서길 625-0,역사관광,종교성지,536
관음해룡사,충청남도,서천군,충남 서천군 부사로 281-0,역사관광,종교성지,529
노강서원,충청남도,논산시,충남 논산시 오강길 56-5,역사관광,역사유적지,521
법륜사,충청남도,예산군,충남 예산군 도청대로 835-45,역사관광,종교성지,496
베트남불교원오사,충청남도,천안시 동남구,충남 천안시 동남구 서흥5길 65-36,역사관광,종교성지,484
인취사,충청남도,아산시,충남 아산시 서부남로790번길 20-52,역사관광,종교성지,483
온양향교,충청남도,아산시,충남 아산시 외암로 1414-11,역사관광,역사유적지,479
부여정림사지,충청남도,부여군,충남 부여군,역사관광,역사유적지,446
동혈사,충청남도,공주시,충남 공주시 동혈사길 77-0,역사관광,종교성지,445
원오사,충청남도,계룡시,충남 계룡시 전원3길 32-16,역사관광,종교성지,444
수북정,충청남도,부여군,충남 부여군 수북로 76-0,역사관광,역사유적지,442
박문수묘,충청남도,천안시 동남구,충남 천안시 동남구,역사관광,역사유적지,433
금산보석사의은행나무,충청남도,금산군,충남 금산군,역사관광,역사유적지,431
도앙골성지,충청남도,부여군,충남 부여군 금지로 302-0,역사관광,역사유적지,430
광덕사,충청남도,예산군,충남 예산군 온천단지1로 148-0,역사관광,종교성지,424
대승불교조계종수정사,충청남도,금산군,충남 금산군 두만길 101-0,역사관광,종교성지,422
보덕사,충청남도,아산시,충남 아산시 송학길 162-0,역사관광,종교성지,411
계룡사계고택,충청남도,계룡시,충남 계룡시 사계로 122-4,역사관광,역사유적지,409
안면암부상탑,충청남도,태안군,충남 태안군,역사관광,역사유물,405
직산향교,충청남도,천안시 서북구,충남 천안시 서북구 군서1길 35-6,역사관광,역사유적지,403
나라굿당,충청남도,공주시,충남 공주시 신원사로 206-29,역사관광,종교성지,399
남방제성지,충청남도,아산시,충남 아산시 서부북로 763-42,역사관광,역사유적지,397
대련사,충청남도,예산군,충남 예산군 동산2길 119-0,역사관광,종교성지,390
도원대학당,충청남도,논산시,충남 논산시 상월로664번길 59-65,역사관광,종교성지,388
김대건신부생가지,충청남도,당진시,충남 당진시,역사관광,역사유적지,385
진충사,충청남도,서산시,충남 서산시 진충사길 0-0,역사관광,종교성지,385
약사사,충청남도,공주시,충남 공주시 적암길 12-12,역사관광,종교성지,373
홍주향교,충청남도,홍성군,충남 홍성군 충서로1575번길 93-0,역사관광,역사유적지,372
당진안국사지매향암각,충청남도,당진시,충남 당진시 원당골1길 188-0,역사관광,역사유적지,363
수암사,충청남도,아산시,충남 아산시 서원안길 66-0,역사관광,종교성지,359
토정이지함선생묘,충청남도,보령시,충남 보령시,역사관광,역사유적지,349
도인사,충청남도,천안시 동남구,충남 천안시 동남구 지장길 408-0,역사관광,종교성지,341
연산향교,충청남도,논산시,충남 논산시 관동1길 88-12,역사관광,역사유적지,339
용봉사,충청남도,홍성군,충남 홍성군 용봉산1길 109-0,역사관광,종교성지,333
보덕사,충청남도,예산군,충남 예산군 가야산로 400-74,역사관광,종교성지,320
계암고택,충청남도,서산시,충남 서산시 한다리길 45-0,역사관광,역사유적지,318
삼덕사,충청남도,금산군,충남 금산군 만자동1길 10-0,역사관광,종교성지,318
숭의사,충청남도,태안군,충남 태안군 적돌길 415-0,역사관광,역사유적지,316
내원사,충청남도,홍성군,충남 홍성군 장곡길438번길 435-0,역사관광,종교성지,314
무량사,충청남도,태안군,충남 태안군 신두로 169-25,역사관광,종교성지,313
충장사,충청남도,당진시,충남 당진시 충장1길 73-54,역사관광,종교성지,311
홍주사,충청남도,홍성군,충남 홍성군 충서로1319번길 108-0,역사관광,종교성지,307
효심사,충청남도,금산군,충남 금산군 안보광길 115-0,역사관광,종교성지,305
용화사,충청남도,아산시,충남 아산시 윤보선로131번길 56-0,역사관광,종교성지,304
쌍룡사,충청남도,아산시,충남 아산시 고불로 238-33,역사관광,종교성지,303
아산향교,충청남도,아산시,충남 아산시 여민루길 82-0,역사관광,역사유적지,295
안국사지석불입상,충청남도,당진시,충남 당진시 원당골1길 188-0,역사관광,역사유적지,289
구절암,충청남도,홍성군,충남 홍성군 거북로218번길 163-0,역사관광,종교성지,277
한마음선원공주지원,충청남도,공주시,충남 공주시 위안양골길 157-61,역사관광,종교성지,276
천왕사,충청남도,천안시 동남구,충남 천안시 동남구 원터길 484-0,역사관광,종교성지,275
아산맹씨행단,충청남도,아산시,충남 아산시 행단길 35-0,역사관광,역사유적지,273
용강서원,충청남도,금산군,충남 금산군 용화로 258-0,역사관광,역사유적지,273
혜명사,충청남도,아산시,충남 아산시 쌍죽길 133-7,역사관광,종교성지,273
용수사,충청남도,아산시,충남 아산시 고룡산로 516-26,역사관광,종교성지,272
황무실성지,충청남도,당진시,충남 당진시,역사관광,역사유적지,269
안정사,충청남도,공주시,충남 공주시 원전말길 23-1,역사관광,종교성지,261
구산사,충청남도,홍성군,충남 홍성군 거북로 422-30,역사관광,종교성지,261
600고지전승탑,충청남도,금산군,충남 금산군,역사관광,역사유물,255
태학사,충청남도,천안시 동남구,충남 천안시 동남구 돈마루1길 188-0,역사관광,종교성지,255
윤봉길의사생가,충청남도,예산군,충남 예산군 덕산온천로 182-10,역사관광,역사유적지,254
군자정,충청남도,당진시,충남 당진시,역사관광,역사유적지,250
안국사,충청남도,당진시,충남 당진시,역사관광,종교성지,250
법룡사,충청남도,서산시,충남 서산시 환성헌터울길 22-14,역사관광,종교성지,245
충곡서원,충청남도,논산시,충남 논산시 충곡로269번길 60-5,역사관광,역사유적지,243
안국사지석탑,충청남도,당진시,충남 당진시 원당골1길 188-0,역사관광,역사유적지,240
영주사,충청남도,논산시,충남 논산시 덕곡길 73-0,역사관광,종교성지,237
천흥사지오층석탑,충청남도,천안시 서북구,충남 천안시 서북구,역사관광,역사유적지,236
공주향교,충청남도,공주시,충남 공주시 향교1길 30-6,역사관광,역사유적지,236
석성향교,충청남도,부여군,충남 부여군 석성향교길 18-0,역사관광,역사유적지,233
능파사,충청남도,태안군,충남 태안군 옥파로 903-374,역사관광,종교성지,233
보명사,충청남도,논산시,충남 논산시 등화5길 95-0,역사관광,종교성지,232
정순왕후생가,충청남도,서산시,충남 서산시 한다리길 39-0,역사관광,역사유적지,229
구한일은행강경지점,충청남도,논산시,충남 논산시 계백로167번길 50-0,역사관광,역사유적지,229
사비문,충청남도,부여군,충남 부여군,역사관광,역사유적지,228
보리사,충청남도,부여군,충남 부여군 삼충로743번길 33-0,역사관광,종교성지,228
동심사,충청남도,아산시,충남 아산시 아산온천로3번길 157-0,역사관광,종교성지,224
임존성,충청남도,예산군,충남 예산군,역사관광,역사유적지,223
금산행정의은행나무,충청남도,금산군,충남 금산군,역사관광,역사유적지,222
고룡사,충청남도,아산시,충남 아산시 고룡산로 0-0,역사관광,종교성지,221
보원사지오층석탑,충청남도,서산시,충남 서산시,역사관광,역사유적지,215
대흥향교,충청남도,예산군,충남 예산군 교촌향교길 88-0,역사관광,역사유적지,209
쌍지암,충청남도,예산군,충남 예산군 대리길 208-52,역사관광,종교성지,204
조병옥박사생가,충청남도,천안시 동남구,충남 천안시 동남구,역사관광,역사유적지,202
고산사,충청남도,홍성군,충남 홍성군 만해로127번길 35-99,역사관광,종교성지,200
유봉영당,충청남도,논산시,충남 논산시 노성로248번길 52-0,역사관광,역사유적지,198
진산향교,충청남도,금산군,충남 금산군 교촌1길 45-20,역사관광,역사유적지,198
죽림서원,충청남도,논산시,충남 논산시 금백로 20-8,역사관광,역사유적지,191
서산향교 은행나무,충청남도,서산시,충남 서산시 향교1로 26-0,역사관광,역사유적지,190
정혜사,충청남도,청양군,충남 청양군 상지길 165-10,역사관광,종교성지,190
천수암,충청남도,보령시,충남 보령시 여술길 68-9,역사관광,종교성지,189
무명용사기념상,충청남도,논산시,충남 논산시,역사관광,역사유물,188
세존정사,충청남도,아산시,충남 아산시 평촌안길 0-0,역사관광,종교성지,188
서원사,충청남도,당진시,충남 당진시 오룡산길 82-31,역사관광,종교성지,184
죽사,충청남도,서산시,충남 서산시 갓고개길 242-24,역사관광,종교성지,181
영산암,충청남도,청양군,충남 청양군 후덕동길 105-0,역사관광,종교성지,181
덕산온천지구유,충청남도,예산군,충남 예산군 온천단지2로 23-0,역사관광,역사유적지,175
법왕사,충청남도,천안시 동남구,충남 천안시 동남구 휴양림길 160-0,역사관광,종교성지,175
은석사,충청남도,천안시 동남구,충남 천안시 동남구 박문수길 149-1,역사관광,종교성지,174
일불사,충청남도,금산군,충남 금산군 서대동기길 100-0,역사관광,종교성지,174
태국사,충청남도,태안군,충남 태안군 안흥성길 9-29,역사관광,종교성지,171
공주우금치전적,충청남도,공주시,충남 공주시,역사관광,역사유적지,170
석련사,충청남도,홍성군,충남 홍성군 구성북로160번길 76-0,역사관광,종교성지,170
부여관북리백제유적,충청남도,부여군,충남 부여군,역사관광,역사유적지,168
봉서사,충청남도,서천군,충남 서천군 건지산길 122-0,역사관광,종교성지,167
오천향교,충청남도,보령시,충남 보령시 향교길 45-26,역사관광,역사유적지,165
결성향교,충청남도,홍성군,충남 홍성군 홍남서로707번길 21-8,역사관광,역사유적지,165
예산향교,충청남도,예산군,충남 예산군 향교길 31-0,역사관광,역사유적지,165
도미부인사당,충청남도,보령시,충남 보령시,역사관광,역사유적지,164
오봉사,충청남도,아산시,충남 아산시 설화산길 156-0,역사관광,종교성지,164
신암사,충청남도,당진시,충남 당진시,역사관광,종교성지,164
서천향교,충청남도,서천군,충남 서천군 서천향교길 53-5,역사관광,역사유적지,162
구수사,충청남도,당진시,충남 당진시 오여미1길 34-9,역사관광,종교성지,162
부여구두래일원,충청남도,부여군,충남 부여군 나루터로 58-0,역사관광,역사유적지,160
선림사,충청남도,보령시,충남 보령시 충청수영로 521-64,역사관광,종교성지,159
문수사금동여래좌상,충청남도,서산시,충남 서산시,역사관광,역사유적지,157
화암사,충청남도,예산군,충남 예산군 용궁1길 21-29,역사관광,종교성지,157
백운사,충청남도,서산시,충남 서산시 지산철장길 95-28,역사관광,종교성지,156
천불사,충청남도,천안시 동남구,충남 천안시 동남구 교천지산길 338-16,역사관광,종교성지,154
태고사대웅전,충청남도,금산군,충남 금산군 청림동로 440-0,역사관광,역사유적지,152
고란사,충청남도,서산시,충남 서산시 마애삼존불길 0-0,역사관광,종교성지,150
천안성거산위례성,충청남도,천안시 서북구,충남 천안시 서북구,역사관광,역사유적지,147
옛공주읍사무소,충청남도,공주시,충남 공주시 우체국길 8-0,역사관광,역사유적지,147
안곡사,충청남도,예산군,충남 예산군 만사여래미길 434-16,역사관광,종교성지,145
구경정,충청남도,부여군,충남 부여군,역사관광,역사유적지,143
공주구룡사지,충청남도,공주시,충남 공주시,역사관광,역사유적지,141
덕림병사,충청남도,부여군,충남 부여군 덕림로 243-24,역사관광,역사유적지,137
대윤사,충청남도,아산시,충남 아산시 현대로 888-0,역사관광,종교성지,134
영산암,충청남도,청양군,충남 청양군,역사관광,종교성지,134
천성암,충청남도,청양군,충남 청양군 무술길 126-0,역사관광,종교성지,134
보령향교,충청남도,보령시,충남 보령시 향교말길 45-0,역사관광,역사유적지,132
화암서원,충청남도,보령시,충남 보령시 죽성로 411-0,역사관광,역사유적지,131
청양도림사지,충청남도,청양군,충남 청양군,역사관광,역사유적지,130
청양고추문화마을,충청남도,청양군,충남 청양군,역사관광,역사유적지,130
대길사,충청남도,당진시,충남 당진시 덕평로 669-53,역사관광,종교성지,128
보광사,충청남도,천안시 동남구,충남 천안시 동남구 청수3길 37-0,역사관광,종교성지,127
망일사,충청남도,서산시,충남 서산시 망일산로 831-134,역사관광,종교성지,127
동광사,충청남도,금산군,충남 금산군 동편길 44-0,역사관광,종교성지,127
백운사,충청남도,보령시,충남 보령시 심원계곡로 259-200,역사관광,종교성지,126
송천사,충청남도,예산군,충남 예산군 간양길 197-21,역사관광,종교성지,126
부여송국리유적,충청남도,부여군,충남 부여군 선사로225번길 54-0,역사관광,역사유적지,125
태화사,충청남도,천안시 동남구,충남 천안시 동남구 쌍령1길 434-10,역사관광,종교성지,125
고성사,충청남도,아산시,충남 아산시 공세길86번길 14-16,역사관광,종교성지,125
강당사,충청남도,아산시,충남 아산시 강당로 300-0,역사관광,종교성지,125
청양향교,충청남도,청양군,충남 청양군 향교길 20-8,역사관광,역사유적지,123
소근진성,충청남도,태안군,충남 태안군,역사관광,역사유적지,123
황운사,충청남도,서산시,충남 서산시 모정길 103-0,역사관광,종교성지,123
온주아문및동헌,충청남도,아산시,충남 아산시 온주길 27-0,역사관광,역사유적지,121
비인5층석탑,충청남도,서천군,충남 서천군,역사관광,역사유물,121
개명사,충청남도,공주시,충남 공주시 시목길 43-8,역사관광,종교성지,121
금룡암,충청남도,공주시,충남 공주시 신원사로 546-0,역사관광,종교성지,120
금강사,충청남도,천안시 서북구,충남 천안시 서북구 천흥4길 290-23,역사관광,종교성지,119
해미향교,충청남도,서산시,충남 서산시 해미향교길 2-13,역사관광,역사유적지,115
팔충사,충청남도,부여군,충남 부여군,역사관광,역사유적지,115
보광사,충청남도,천안시 동남구,충남 천안시 동남구 관성3길 107-0,역사관광,종교성지,115
공주반죽동당간지주,충청남도,공주시,충남 공주시,역사관광,역사유적지,112
노성향교,충청남도,논산시,충남 논산시 노성산성길 54-0,역사관광,역사유적지,112
수덕사견성암,충청남도,예산군,충남 예산군,역사관광,종교성지,111
계룡산중악단,충청남도,공주시,충남 공주시 신원사동길 1-0,역사관광,역사유적지,110
임천향교,충청남도,부여군,충남 부여군 성흥로75번길 6-7,역사관광,역사유적지,110
서천이하복고택,충청남도,서천군,충남 서천군 신막로57번길 32-3,역사관광,역사유적지,110
용담사,충청남도,아산시,충남 아산시,역사관광,종교성지,110
석천암,충청남도,서산시,충남 서산시 산저1길 233-0,역사관광,종교성지,110
가탑사,충청남도,부여군,충남 부여군 왕릉로 25-0,역사관광,종교성지,108
두계사,충청남도,계룡시,충남 계룡시 왕대산길 100-0,역사관광,종교성지,106
병천순대거리,충청남도,천안시 동남구,충남 천안시 동남구 아우내순대길 33-0,음식,음식점기타,61760
ROAD1950,충청남도,당진시,충남 당진시 매산로 170-0,음식,카페/찻집,61293
천북굴단지,충청남도,보령시,충남 보령시,음식,음식점기타,55433
우렁이박사,충청남도,당진시,충남 당진시 샛터로 7-1,음식,한식,41110
해어름카페,충청남도,당진시,충남 당진시 매산해변길 144-0,음식,카페/찻집,34104
장원막국수,충청남도,부여군,충남 부여군 나루터로62번길 20-0,음식,한식,31342
박순자아우내순대,충청남도,천안시 동남구,충남 천안시 동남구 아우내순대길 47-0,음식,한식,27793
두정동먹자골목,충청남도,천안시 서북구,충남 천안시 서북구 원두정2길 15-0,음식,음식점기타,27387
몽산포제빵소,충청남도,태안군,충남 태안군 우운길 56-19,음식,카페/찻집,26420
에어산,충청남도,공주시,충남 공주시 임금봉길 88-27,음식,카페/찻집,26088
딴뚝통나무집식당,충청남도,태안군,충남 태안군 조운막터길 23-22,음식,한식,24380
솥뚜껑매운탕,충청남도,공주시,충남 공주시 아래안영골길 4-0,음식,한식,23327
아레피,충청남도,아산시,충남 아산시 영인로 187-15,음식,카페/찻집,23023
소복갈비,충청남도,예산군,충남 예산군 천변로195번길 9-0,음식,한식,22769
엔학고레,충청남도,공주시,충남 공주시 불장골길 113-12,음식,카페/찻집,22315
카페피어라,충청남도,당진시,충남 당진시 합덕대덕로 502-24,음식,카페/찻집,21388
이고집만두,충청남도,천안시 동남구,충남 천안시 동남구 태조산길 258-0,음식,한식,21307
마들렌,충청남도,아산시,충남 아산시 온천대로 2230-0,음식,전문음식,20781
목화반점[중식],충청남도,아산시,충남 아산시 온주길26번길 7-3,음식,외국식,20441
충남집순대,충청남도,천안시 동남구,충남 천안시 동남구 충절로 1748-0,음식,전문음식,19626
호수매운탕,충청남도,천안시 서북구,충남 천안시 서북구 성성2길 61-0,음식,한식,19036
커피인터뷰파도리,충청남도,태안군,충남 태안군 파도길 61-9,음식,카페/찻집,18888
응봉상회,충청남도,예산군,충남 예산군 입침중촌길 21-0,음식,카페/찻집,18762
엄가네시골집,충청남도,천안시 서북구,충남 천안시 서북구 봉정로 168-1,음식,한식,18614
로드1950,충청남도,당진시,충남 당진시 매산로 170-0,음식,카페/찻집,17805
바이더오,충청남도,보령시,충남 보령시 원산도5길 89-29,음식,카페/찻집,17800
꽁당보리밥배방점,충청남도,아산시,충남 아산시 북수동로 27-0,음식,한식,17416
바이더오,충청남도,보령시,충남 보령시 원산도5길 89-23,음식,카페/찻집,17167
이숲,충청남도,천안시 서북구,충남 천안시 서북구 남창마을1길 32-0,음식,카페/찻집,16557
몽상가인,충청남도,천안시 서북구,충남 천안시 서북구 쌍용대로 85-0,음식,간이음식,15833
동해원[중식],충청남도,공주시,충남 공주시 납다리길 22-0,음식,외국식,15561
카페온담,충청남도,천안시 동남구,충남 천안시 동남구 통세골2길 41-0,음식,카페/찻집,15203
종가면옥,충청남도,아산시,충남 아산시 배방로 219-28,음식,한식,15154
핀스커피,충청남도,천안시 동남구,충남 천안시 동남구 해솔1길 27-29,음식,카페/찻집,14599
청화집,충청남도,천안시 동남구,충남 천안시 동남구 충절로 1749-0,음식,한식,14397
카페인주,충청남도,아산시,충남 아산시 아산만로 1608-0,음식,카페/찻집,13866
다원,충청남도,태안군,충남 태안군 천수만로 134-4,음식,한식,13832
승지원,충청남도,천안시 서북구,충남 천안시 서북구 노태산로 41-0,음식,한식,13734
대흥식당,충청남도,예산군,충남 예산군 노동길 14-0,음식,한식,13715
수미정본점,충청남도,태안군,충남 태안군 그네들길 147-0,음식,전문음식,13382
곰골식당,충청남도,공주시,충남 공주시 봉황산1길 1-2,음식,한식,12412
방가삼대 얼큰한 뼈해장국,충청남도,아산시,충남 아산시 삼성로 520-9,음식,한식,12411
선유원,충청남도,천안시 동남구,충남 천안시 동남구 동평3길 30-0,음식,한식,12146
나문재카페,충청남도,태안군,충남 태안군 통샘길 87-340,음식,카페/찻집,12027
애월담,충청남도,금산군,충남 금산군 실학로 529-0,음식,전문음식,11717
카페루,충청남도,천안시 동남구,충남 천안시 동남구 서부대로 531-20,음식,카페/찻집,11703
한일식당,충청남도,예산군,충남 예산군 삽교역로 58-0,음식,한식,11684
숟가락반상마실천안본점 [한식],충청남도,천안시 서북구,충남 천안시 서북구 월봉1길 50-1,음식,한식,11415
웜사이트,충청남도,아산시,충남 아산시 신정호길 262-8,음식,카페/찻집,11381
천수만꽃게장,충청남도,태안군,충남 태안군 천수만로 222-0,음식,전문음식,11318
우즈베이커리카페신정호점,충청남도,아산시,충남 아산시 신정로 564-0,음식,간이음식,11127
학화호도과자천안본점,충청남도,천안시 동남구,충남 천안시 동남구 천안대로 590-0,음식,간이음식,11097
한우가좋은날,충청남도,아산시,충남 아산시 탕정면로 507-0,음식,한식,11011
육화미본점,충청남도,천안시 서북구,충남 천안시 서북구 불당26로 100-10,음식,한식,10981
신태루[중식],충청남도,태안군,충남 태안군 시장5길 43-0,음식,외국식,10927
강경해물칼국수,충청남도,논산시,충남 논산시 계백로147번길 7-0,음식,한식,10884
슈엔본점 [중식],충청남도,천안시 서북구,충남 천안시 서북구 성정중1길 26-2,음식,외국식,10802
시골통닭,충청남도,부여군,충남 부여군 중앙로5번길 14-9,음식,간이음식,10667
갱스커피,충청남도,보령시,충남 보령시 청성로 143-0,음식,카페/찻집,10552
광시한우마을거리,충청남도,예산군,충남 예산군,음식,음식점기타,10451
방포수산,충청남도,태안군,충남 태안군 방포항길 64-0,음식,전문음식,10404
트레블브레이크커피,충청남도,태안군,충남 태안군 등마루1길 125-0,음식,카페/찻집,10334
무드빌리지,충청남도,부여군,충남 부여군 뒷개로27번길 10-1,음식,카페/찻집,10301
전통궁중칼국수,충청남도,공주시,충남 공주시 금벽로 679-0,음식,한식,10197
망향비빔국수천안점,충청남도,천안시 서북구,충남 천안시 서북구 노태산로 57-0,음식,한식,10153
피탕김탕,충청남도,공주시,충남 공주시 한적2길 41-9,음식,외국식,10064
이봉원의봉짬뽕[중식],충청남도,천안시 서북구,충남 천안시 서북구 성정두정로 70-0,음식,외국식,10035
더크루즈,충청남도,공주시,충남 공주시 동학사1로 191-0,음식,카페/찻집,9975
교토리,충청남도,천안시 동남구,충남 천안시 동남구 위례성로 782-0,음식,카페/찻집,9964
삼우갈비,충청남도,예산군,충남 예산군 임성로23번길 8-0,음식,한식,9710
루베아,충청남도,천안시 동남구,충남 천안시 동남구 교촌7길 46-11,음식,카페/찻집,9693
북한강쭈꾸미,충청남도,아산시,충남 아산시 신정호길 266-0,음식,전문음식,9548
보령우유창고,충청남도,보령시,충남 보령시 홍보로 574-0,음식,카페/찻집,9495
솔내음,충청남도,부여군,충남 부여군 나루터로 39-0,음식,한식,9447
피양옥,충청남도,천안시 서북구,충남 천안시 서북구 노태산로 31-0,음식,한식,9443
카페아일,충청남도,태안군,충남 태안군 꽃지해안로 284-0,음식,카페/찻집,9252
밀리앤코,충청남도,태안군,충남 태안군 용샘길 147-0,음식,카페/찻집,9191
짬뽕지존본점 [중식],충청남도,천안시 서북구,충남 천안시 서북구 서부대로 719-0,음식,외국식,9033
내당한우,충청남도,홍성군,충남 홍성군 아문길52번길 6-0,음식,한식,9030
산장가든,충청남도,태안군,충남 태안군 상도로 49-57,음식,한식,8950
베이커리밤마을,충청남도,공주시,충남 공주시 백미고을길 5-13,음식,간이음식,8871
전통딴뚝칼국수,충청남도,태안군,충남 태안군 안면대로 3018-0,음식,한식,8870
원산도커피,충청남도,보령시,충남 보령시 원산도5길 102-0,음식,카페/찻집,8843
사네카페,충청남도,아산시,충남 아산시 음봉로586번길 77-20,음식,카페/찻집,8732
병천쌍둥이네순대,충청남도,천안시 동남구,충남 천안시 동남구 아우내순대길 26-0,음식,한식,8632
춘소커피,충청남도,공주시,충남 공주시 쌍신길 108-0,음식,카페/찻집,8483
매향,충청남도,공주시,충남 공주시 백미고을길 18-0,음식,한식,8427
신관짬뽕[중식],충청남도,공주시,충남 공주시 전막2길 32-7,음식,외국식,8389
숲너울,충청남도,공주시,충남 공주시 문금길 413-0,음식,카페/찻집,8373
뮤지엄B,충청남도,금산군,충남 금산군 구만길 52-0,음식,카페/찻집,8347
덕수식당,충청남도,태안군,충남 태안군 중앙로 133-8,음식,한식,8325
알바노,충청남도,논산시,충남 논산시 산노1길 79-12,음식,전문음식,8195
죽순산장,충청남도,아산시,충남 아산시 음봉면로 227-0,음식,전문음식,8126
밥상차려주는집[한식],충청남도,천안시 동남구,충남 천안시 동남구 풍세로 702-0,음식,한식,8051
카르멜인포레스트,충청남도,아산시,충남 아산시 갈매길 159-39,음식,카페/찻집,8034
용천가든,충청남도,천안시 서북구,충남 천안시 서북구 성진로 637-0,음식,한식,8022
유가네칼국수,충청남도,공주시,충남 공주시 원댕이길 8-0,음식,한식,8011
영인산마루,충청남도,아산시,충남 아산시 아산온천로 16-8,음식,한식,7994
코쿠미아산신정호수점,충청남도,아산시,충남 아산시 신정로 498-0,음식,전문음식,7940
꽃돼지국밥,충청남도,아산시,충남 아산시 중앙공원로33번길 3-13,음식,한식,7918
시장정육점식당,충청남도,공주시,충남 공주시 백미고을길 10-5,음식,한식,7895
백반의신서산불고기[한식],충청남도,서산시,충남 서산시 율지19길 47-16,음식,한식,7894
해물상회,충청남도,보령시,충남 보령시 해수욕장6길 118-0,음식,한식,7865
반월소바,충청남도,논산시,충남 논산시 해월로 132-0,음식,간이음식,7714
좋은아침페스츄리신정호수점,충청남도,아산시,충남 아산시 신정로 470-0,음식,카페/찻집,7709
불티나꼬막짬뽕[중식],충청남도,아산시,충남 아산시 신정로 699-0,음식,외국식,7697
장칼국수,충청남도,천안시 동남구,충남 천안시 동남구 천안천8길 49-0,음식,한식,7693
명성각[중식],충청남도,금산군,충남 금산군 하마전로 64-0,음식,외국식,7621
오양손칼국수,충청남도,보령시,충남 보령시 소성안길 55-0,음식,한식,7609
태조숯불석갈비,충청남도,천안시 동남구,충남 천안시 동남구 태조산길 103-0,음식,한식,7579
카페엠99,충청남도,태안군,충남 태안군 몽산포길 99-40,음식,카페/찻집,7574
카페모월,충청남도,서산시,충남 서산시 관청터길 7-1,음식,카페/찻집,7569
마젠타,충청남도,천안시 서북구,충남 천안시 서북구 성성2길 81-0,음식,카페/찻집,7526
취팔선객잔[중식],충청남도,천안시 서북구,충남 천안시 서북구 두정상가8길 20-0,음식,외국식,7282
백제해장국,충청남도,부여군,충남 부여군 백제문로304번길 5-1,음식,한식,7260
더레이크스토리,충청남도,천안시 서북구,충남 천안시 서북구 업성수변로 120-0,음식,카페/찻집,7205
할리우드,충청남도,천안시 동남구,충남 천안시 동남구 유량로 185-0,음식,카페/찻집,7191
동가룰가든,충청남도,예산군,충남 예산군 예당긍모로 358-27,음식,전문음식,7185
석산장,충청남도,천안시 동남구,충남 천안시 동남구 문화로 30-0,음식,한식,7161
K카페,충청남도,홍성군,충남 홍성군 용봉산2길 41-0,음식,카페/찻집,7060
화담원신정호점,충청남도,아산시,충남 아산시 신정호길 33-29,음식,전문음식,7058
큰마을영양굴밥,충청남도,서산시,충남 서산시 간월도1길 65-0,음식,전문음식,7007
매주리커피,충청남도,천안시 서북구,충남 천안시 서북구 성환18길 24-0,음식,카페/찻집,6981
배나무숲,충청남도,천안시 서북구,충남 천안시 서북구 상덕로 137-0,음식,카페/찻집,6953
홍기와쭈꾸미,충청남도,공주시,충남 공주시 원전말길 6-0,음식,전문음식,6953
카페목천,충청남도,천안시 동남구,충남 천안시 동남구 충절로 986-37,음식,카페/찻집,6943
선창횟집,충청남도,태안군,충남 태안군 마검포길 427-5,음식,전문음식,6862
길목식당[중식],충청남도,태안군,충남 태안군 백사장2길 25-1,음식,외국식,6773
고바우순두부쌈장,충청남도,천안시 서북구,충남 천안시 서북구 두정로 177-0,음식,한식,6761
원골식당,충청남도,금산군,충남 금산군 금강로 588-0,음식,한식,6692
옛날우렁이식당,충청남도,당진시,충남 당진시 서해로 7434-1,음식,한식,6685
동학사초가집,충청남도,공주시,충남 공주시 구모동길 57-0,음식,한식,6678
진원소우천안백석점,충청남도,천안시 서북구,충남 천안시 서북구 한들1로 153-0,음식,한식,6672
청당정원,충청남도,천안시 동남구,충남 천안시 동남구 청당2길 131-0,음식,한식,6658
경복궁천안점,충청남도,천안시 서북구,충남 천안시 서북구 성정중7길 9-0,음식,한식,6601
지씨브레드,충청남도,천안시 동남구,충남 천안시 동남구 유량로 196-0,음식,간이음식,6563
마세오른,충청남도,공주시,충남 공주시 정광터1길 98-20,음식,한식,6546
카페안낙,충청남도,아산시,충남 아산시 신정로 496-2,음식,카페/찻집,6517
마리스커피,충청남도,천안시 동남구,충남 천안시 동남구 천호지길 11-0,음식,카페/찻집,6461
오월의꽃수레[한식],충청남도,아산시,충남 아산시 신정호길 220-0,음식,한식,6459
쌍용수산시장,충청남도,천안시 서북구,충남 천안시 서북구 월봉5길 19-0,음식,전문음식,6439
왕서방중화요리[중식],충청남도,태안군,충남 태안군 남면로 88-0,음식,외국식,6412
태능초가집갈비,충청남도,논산시,충남 논산시 중앙로398번길 7-7,음식,한식,6397
백종원국밥거리,충청남도,예산군,충남 예산군,음식,음식점기타,6357
이우철한방누룽지삼계탕천안본점,충청남도,천안시 동남구,충남 천안시 동남구 태조산길 142-3,음식,한식,6353
라루체,충청남도,공주시,충남 공주시 계룡대로 1392-0,음식,전문음식,6350
천지연천안시청점,충청남도,천안시 서북구,충남 천안시 서북구 검은들1길 25-0,음식,한식,6349
장춘닭개장,충청남도,당진시,충남 당진시 정안로 50-0,음식,한식,6320
유양창고,충청남도,예산군,충남 예산군 수덕사로 1163-4,음식,카페/찻집,6312
신사우물갈비본점,충청남도,천안시 서북구,충남 천안시 서북구 불당25로 182-0,음식,한식,6293
광명만두본점,충청남도,천안시 서북구,충남 천안시 서북구 두정중4길 1-0,음식,한식,6278
제주미작,충청남도,천안시 동남구,충남 천안시 동남구 신흥1길 58-1,음식,카페/찻집,6256
엔타스시,충청남도,천안시 서북구,충남 천안시 서북구 불당25로 176-0,음식,외국식,6246
촌장골,충청남도,아산시,충남 아산시 신정로 632-7,음식,한식,6203
결성칼국수,충청남도,홍성군,충남 홍성군 구성남로 31-0,음식,한식,6184
보령우유창고,충청남도,보령시,충남 보령시 홍보로 532-35,음식,카페/찻집,6151
신정식당,충청남도,아산시,충남 아산시 시민로409번길 18-0,음식,한식,6137
봉평장터,충청남도,천안시 동남구,충남 천안시 동남구 향교1길 140-0,음식,한식,6116
신화수산,충청남도,천안시 서북구,충남 천안시 서북구 노태산로 72-0,음식,전문음식,6099
더올드밀아산점,충청남도,아산시,충남 아산시 신정로 532-0,음식,전문음식,6094
높은댕이,충청남도,부여군,충남 부여군 삼충로 325-34,음식,카페/찻집,6087
카페간월,충청남도,서산시,충남 서산시 간월도1길 117-0,음식,카페/찻집,6058
논두렁민물매운탕,충청남도,아산시,충남 아산시 음봉로 150-0,음식,한식,6005
뚝방촌,충청남도,당진시,충남 당진시 송산로 1105-16,음식,한식,5988
꽃게와꽃게집,충청남도,당진시,충남 당진시 신복운로 173-1,음식,한식,5984
호호아줌마,충청남도,태안군,충남 태안군 서해로 118-0,음식,한식,5951
레이크힐제빵소,충청남도,논산시,충남 논산시 탑정로 872-0,음식,카페/찻집,5932
긴자천안시청점 [일식],충청남도,천안시 서북구,충남 천안시 서북구 검은들1길 25-0,음식,외국식,5907
고려옥,충청남도,아산시,충남 아산시 청운로 163-0,음식,한식,5905
현대옥천안백석점,충청남도,천안시 서북구,충남 천안시 서북구 한들4로 38-0,음식,한식,5894
반월소바,충청남도,논산시,충남 논산시 해월로 132-0,음식,한식,5860
부자떡집,충청남도,공주시,충남 공주시 용당길 11-0,음식,간이음식,5853
은행나무집,충청남도,천안시 동남구,충남 천안시 동남구 태조산길 137-0,음식,전문음식,5820
눈들재,충청남도,천안시 동남구,충남 천안시 동남구 용곡2길 43-20,음식,카페/찻집,5811
서동한우본점,충청남도,부여군,충남 부여군 성왕로 256-0,음식,한식,5804
수라원,충청남도,서천군,충남 서천군 장산로 641-9,음식,음식점기타,5683
백설농부,충청남도,예산군,충남 예산군 봉산로 516-0,음식,카페/찻집,5642
미식가,충청남도,태안군,충남 태안군 정주내3길 16-5,음식,한식,5611
티볼리,충청남도,천안시 동남구,충남 천안시 동남구 청수10길 4-39,음식,외국식,5608
초록델리하우스,충청남도,계룡시,충남 계룡시 신도안2길 41-0,음식,전문음식,5606
공주집,충청남도,천안시 서북구,충남 천안시 서북구 송덕2길 113-0,음식,전문음식,5595
시골집,충청남도,천안시 서북구,충남 천안시 서북구 서부대로 319-2,음식,한식,5593
병천부부순대,충청남도,천안시 동남구,충남 천안시 동남구 아우내순대길 28-0,음식,한식,5568
이우철한방누룽지삼계탕백석직영점,충청남도,천안시 서북구,충남 천안시 서북구 한들2로 46-5,음식,한식,5568
풍세커피,충청남도,천안시 동남구,충남 천안시 동남구 한우물2길 90-0,음식,카페/찻집,5513
백사장수산물어시장식당,충청남도,태안군,충남 태안군 백사장2길 13-0,음식,전문음식,5501
수림정천안점,충청남도,천안시 동남구,충남 천안시 동남구 통정6로 29-0,음식,한식,5499
파인그로브,충청남도,예산군,충남 예산군 덕산향교길 88-3,음식,카페/찻집,5487
빙빙반점[중식],충청남도,당진시,충남 당진시 교동길 147-0,음식,외국식,5466
도고창고카페,충청남도,아산시,충남 아산시 아산만로139번길 7-0,음식,카페/찻집,5432
타타스베이글,충청남도,천안시 동남구,충남 천안시 동남구 태조산길 220-3,음식,카페/찻집,5428
고구려,충청남도,아산시,충남 아산시 순천향로 412-8,음식,한식,5428
김가네사골수제비,충청남도,보령시,충남 보령시 석서1길 57-0,음식,한식,5409
너구리의피난처,충청남도,금산군,충남 금산군 적우실길 28-0,음식,한식,5357
삽다리칼국수,충청남도,예산군,충남 예산군 충의로 670-0,음식,한식,5343
병천전통순대본점,충청남도,천안시 동남구,충남 천안시 동남구 충절로 1166-0,음식,한식,5308
노커베이커리카페,충청남도,아산시,충남 아산시 순천향로 413-13,음식,카페/찻집,5306
60년전통예산장터국밥,충청남도,예산군,충남 예산군 관양산길 12-1,음식,한식,5273
스시린,충청남도,천안시 서북구,충남 천안시 서북구 불당31길 32-0,음식,외국식,5272
백마강참숯민물장어천안점,충청남도,천안시 서북구,충남 천안시 서북구 미라16길 8-4,음식,전문음식,5250
류가본가,충청남도,아산시,충남 아산시 탕정면로 497-0,음식,한식,5238
상무초밥천안신불당점,충청남도,천안시 서북구,충남 천안시 서북구 불당21로 67-18,음식,외국식,5225
하루가,충청남도,당진시,충남 당진시 구봉로 101-98,음식,한식,5207
카페드하리,충청남도,홍성군,충남 홍성군 남당항로 860-0,음식,카페/찻집,5200
연꽃이야기,충청남도,부여군,충남 부여군 성왕로 22-0,음식,한식,5195
동원정,충청남도,천안시 동남구,충남 천안시 동남구 서부대로 543-0,음식,전문음식,5194
롱디커피,충청남도,공주시,충남 공주시 금벽로 1071-0,음식,카페/찻집,5191
카페로우,충청남도,당진시,충남 당진시 남부로 453-32,음식,카페/찻집,5187
샤브마니아천안신방점,충청남도,천안시 동남구,충남 천안시 동남구 서부대로 125-0,음식,전문음식,5184
제일해물칼국수,충청남도,보령시,충남 보령시 대해로 46-0,음식,한식,5165
가루실가든,충청남도,예산군,충남 예산군 가루실길 180-0,음식,한식,5155
명성불고기,충청남도,공주시,충남 공주시 웅진로 200-0,음식,한식,5146
메밀꽃,충청남도,공주시,충남 공주시 금벽로 1336-0,음식,한식,5145
비츠카페,충청남도,홍성군,충남 홍성군 남당항로72번길 1-0,음식,카페/찻집,5139
박군자진주냉면아산점,충청남도,아산시,충남 아산시 순천향로 321-0,음식,한식,5132
원조뚝배기식당,충청남도,태안군,충남 태안군 시장5길 18-5,음식,전문음식,5126
온더기와,충청남도,공주시,충남 공주시 밀목재길 27-14,음식,카페/찻집,5110
염치정육점식당,충청남도,아산시,충남 아산시 염성길 110-0,음식,한식,5101
만세튀김,충청남도,태안군,충남 태안군 백사장1길 119-0,음식,간이음식,5101
명량노을지는갯마을편태안본점,충청남도,태안군,충남 태안군 기업도시7길 36-0,음식,전문음식,5067
화덕으로간고등어,충청남도,천안시 서북구,충남 천안시 서북구 한들2로 46-5,음식,전문음식,5058
시유당,충청남도,천안시 동남구,충남 천안시 동남구 휴양림길 99-18,음식,카페/찻집,5040
원산도명가,충청남도,보령시,충남 보령시 원산도1길 39-2,음식,한식,5026
짬뽕지존쌍용점 [중식],충청남도,천안시 서북구,충남 천안시 서북구 쌍용대로 11-0,음식,외국식,5019
대성식관,충청남도,태안군,충남 태안군 장터로 55-0,음식,한식,4992
산마루가든,충청남도,예산군,충남 예산군 예당긍모로 406-0,음식,한식,4980
이화원프라이빗,충청남도,천안시 서북구,충남 천안시 서북구 불당23로 73-27,음식,외국식,4938
새이학가든,충청남도,공주시,충남 공주시 금강공원길 15-2,음식,한식,4937
나인블럭LAKE천안업성점,충청남도,천안시 서북구,충남 천안시 서북구 성성4길 53-0,음식,카페/찻집,4937
커피버스터,충청남도,태안군,충남 태안군 곰섬로 129-87,음식,카페/찻집,4930
초서,충청남도,논산시,충남 논산시 탑정로 802-0,음식,카페/찻집,4907
서유기짬뽕[중식],충청남도,당진시,충남 당진시 삽교천3길 60-0,음식,외국식,4902
해어름카페,충청남도,당진시,충남 당진시 매산해변길 144-0,음식,전문음식,4880
원풍식당,충청남도,태안군,충남 태안군 원이로 841-1,음식,한식,4878
백화산가든[한식],충청남도,태안군,충남 태안군 중앙로 333-0,음식,한식,4871
대천키조개삼합,충청남도,보령시,충남 보령시 해수욕장8길 51-0,음식,전문음식,4849
대안정육점식당,충청남도,천안시 서북구,충남 천안시 서북구 도원7길 17-0,음식,한식,4847
진국집,충청남도,서산시,충남 서산시 관아문길 19-10,음식,한식,4838
보경이네,충청남도,당진시,충남 당진시 삽교천3길 78-0,음식,전문음식,4818
온천손칼국수,충청남도,공주시,충남 공주시 원전말길 36-14,음식,한식,4818
청운식당[중식],충청남도,공주시,충남 공주시 의당로 321-8,음식,외국식,4812
비브레이브천안점,충청남도,천안시 서북구,충남 천안시 서북구 한들3로 36-16,음식,카페/찻집,4809
통삼국본점,충청남도,천안시 서북구,충남 천안시 서북구 불당9길 30-0,음식,한식,4807
망향비빔국수아산점,충청남도,아산시,충남 아산시 은행나무길 189-0,음식,한식,4798
신준호카페,충청남도,당진시,충남 당진시 석문해안로 128-10,음식,카페/찻집,4796
산내들,충청남도,천안시 서북구,충남 천안시 서북구 서부1길 77-0,음식,한식,4787
홍북식당,충청남도,예산군,충남 예산군 신평2길 26-0,음식,한식,4779
예가,충청남도,공주시,충남 공주시 금벽로 535-0,음식,한식,4774
서산회관,충청남도,서천군,충남 서천군 서인로 318-0,음식,한식,4763
배가짬뽕[중식],충청남도,당진시,충남 당진시 대덕1로1길 19-0,음식,외국식,4754
미성삼색장어,충청남도,아산시,충남 아산시 방현서길 2-0,음식,전문음식,4740
삽교호관광지,충청남도,당진시,충남 당진시 삽교천3길 100-0,문화관광,복합관광시설,250348
독립기념관,충청남도,천안시 동남구,충남 천안시 동남구 독립기념관로 1-0,문화관광,전시시설,159573
상화원,충청남도,보령시,충남 보령시 남포방조제로 408-52,문화관광,도시공원,51812
청산수목원,충청남도,태안군,충남 태안군 연꽃길 70-0,문화관광,테마공원,50350
안면도쥬라기박물관,충청남도,태안군,충남 태안군 곰섬로 37-20,문화관광,전시시설,46416
천안축구센터,충청남도,천안시 서북구,충남 천안시 서북구 축구센터로 150-0,문화관광,레저스포츠시설,40546
삽교호놀이동산,충청남도,당진시,충남 당진시 삽교천3길 15-0,문화관광,테마공원,39778
태안세계튤립축제,충청남도,태안군,충남 태안군 꽃지해안로 400-0,문화관광,기타문화관광지,38189
백제문화단지,충청남도,부여군,충남 부여군 백제문로 455-0,문화관광,복합관광시설,32212
유구색동수국정원,충청남도,공주시,충남 공주시 창말길 44-0,문화관광,도시공원,30851
장항스카이워크,충청남도,서천군,충남 서천군 장항산단로34번길 122-16,문화관광,랜드마크관광,30657
국립부여박물관,충청남도,부여군,충남 부여군 금성로 5-0,문화관광,전시시설,30231
개화예술공원,충청남도,보령시,충남 보령시 성주산로 673-47,문화관광,도시공원,27911
중앙호수공원,충청남도,서산시,충남 서산시 호수공원2로 38-0,문화관광,도시공원,27873
국립공주박물관,충청남도,공주시,충남 공주시 관광단지길 34-0,문화관광,전시시설,26410
롯데시네마천안불당,충청남도,천안시 서북구,충남 천안시 서북구 불당21로 67-8,문화관광,공연시설,26022
피나클랜드,충청남도,아산시,충남 아산시 월선길 20-42,문화관광,복합관광시설,25887
CGV천안펜타포트,충청남도,천안시 서북구,충남 천안시 서북구 공원로 196-0,문화관광,공연시설,25717
천안예술의전당,충청남도,천안시 동남구,충남 천안시 동남구 종합휴양지로 185-0,문화관광,공연시설,25583
천안박물관,충청남도,천안시 동남구,충남 천안시 동남구 천안대로 429-13,문화관광,전시시설,25364
아미미술관,충청남도,당진시,충남 당진시 남부로 753-4,문화관광,전시시설,25219
계룡세계군문화엑스포,충청남도,계룡시,충남 계룡시,문화관광,기타문화관광지,24645
삽교호함상공원,충청남도,당진시,충남 당진시 삽교천3길 79-0,문화관광,도시공원,24470
태안빛축제,충청남도,태안군,충남 태안군 마검포길 200-0,문화관광,기타문화관광지,24092
선샤인랜드,충청남도,논산시,충남 논산시 봉황로 102-0,문화관광,테마공원,20618
CGV천안시청,충청남도,천안시 서북구,충남 천안시 서북구 번영로 201-0,문화관광,공연시설,20238
세계꽃식물원,충청남도,아산시,충남 아산시 아산만로 37-37,문화관광,테마공원,19404
홍성남당항대하축제,충청남도,홍성군,충남 홍성군,문화관광,기타문화관광지,19321
천안상록리조트,충청남도,천안시 동남구,충남 천안시 동남구 수신로 576-0,문화관광,복합관광시설,17664
금강신관공원,충청남도,공주시,충남 공주시 금벽로 368-0,문화관광,도시공원,16928
장고항실치축제,충청남도,당진시,충남 당진시 장고항로 324-0,문화관광,기타문화관광지,15547
모나무르,충청남도,아산시,충남 아산시 순천향로 624-0,문화관광,전시시설,15421
아산생태곤충원,충청남도,아산시,충남 아산시 실옥로 216-0,문화관광,전시시설,15083
메가박스천안,충청남도,천안시 서북구,충남 천안시 서북구 1공단1길 52-0,문화관광,공연시설,14282
CGV당진,충청남도,당진시,충남 당진시 우두1로 88-0,문화관광,공연시설,14179
코리아플라워파크,충청남도,태안군,충남 태안군 꽃지해안로 400-0,문화관광,도시공원,13670
부여서동연꽃축제,충청남도,부여군,충남 부여군 궁남로 52-0,문화관광,기타문화관광지,12698
사랑나무,충청남도,부여군,충남 부여군 성흥로97번길 167-0,문화관광,기타문화관광지,12570
석장리박물관,충청남도,공주시,충남 공주시 금벽로 990-0,문화관광,전시시설,12417
모나무르,충청남도,아산시,충남 아산시 순천향로 624-0,문화관광,기타문화관광지,12080
신정호유원지,충청남도,아산시,충남 아산시 신정호길 15-14,문화관광,복합관광시설,11913
보령석탄박물관,충청남도,보령시,충남 보령시 성주산로 508-0,문화관광,전시시설,11796
천안삼거리공원,충청남도,천안시 동남구,충남 천안시 동남구 충절로 410-0,문화관광,도시공원,11593
보령머드축제,충청남도,보령시,충남 보령시 해수욕장10길 5-0,문화관광,기타문화관광지,11293
메가박스홍성내포,충청남도,홍성군,충남 홍성군 청사로174번길 2-0,문화관광,공연시설,11255
CGV천안터미널,충청남도,천안시 동남구,충남 천안시 동남구 만남로 43-0,문화관광,공연시설,11019
롯데시네마아산터미널,충청남도,아산시,충남 아산시 번영로 225-0,문화관광,공연시설,10874
금강하구둑관광단지,충청남도,서천군,충남 서천군,문화관광,복합관광시설,10496
예산장터삼국축제,충청남도,예산군,충남 예산군,문화관광,기타문화관광지,10477
롯데시네마서산,충청남도,서산시,충남 서산시 율지18로 38-0,문화관광,공연시설,10372
장영실과학관,충청남도,아산시,충남 아산시 실옥로 222-0,문화관광,전시시설,10075
금산인삼축제,충청남도,금산군,충남 금산군 인삼광장로 19-0,문화관광,기타문화관광지,9922
홍성남당항새조개축제,충청남도,홍성군,충남 홍성군,문화관광,기타문화관광지,9802
명품칠갑산얼음분수축제,충청남도,청양군,충남 청양군,문화관광,기타문화관광지,9685
온양민속박물관,충청남도,아산시,충남 아산시 충무로 123-0,문화관광,전시시설,9302
죽도관광지,충청남도,보령시,충남 보령시,문화관광,복합관광시설,9246
천안홍대용과학관,충청남도,천안시 동남구,충남 천안시 동남구 장산서길 113-0,문화관광,전시시설,9172
태안꽃박람회,충청남도,태안군,충남 태안군 마검포길 200-0,문화관광,기타문화관광지,9162
소노벨천안오션어드벤처,충청남도,천안시 동남구,충남 천안시 동남구 종합휴양지로 200-0,문화관광,테마공원,9113
CGV서산,충청남도,서산시,충남 서산시 안견로 242-0,문화관광,공연시설,8920
CGV천안,충청남도,천안시 동남구,충남 천안시 동남구 명동길 47-0,문화관광,공연시설,8864
2022보령해양머드박람회,충청남도,보령시,충남 보령시,문화관광,기타문화관광지,8141
연산문화창고,충청남도,논산시,충남 논산시 선비로231번길 28-0,문화관광,기타문화관광지,7997
탑정호수변생태공원,충청남도,논산시,충남 논산시,문화관광,도시공원,7911
연미산자연미술공원,충청남도,공주시,충남 공주시,문화관광,도시공원,7689
신방공원,충청남도,천안시 동남구,충남 천안시 동남구 천안천변길 127-0,문화관광,도시공원,7604
한산모시관,충청남도,서천군,충남 서천군 충절로 1089-0,문화관광,전시시설,7253
당진전력문화홍보관,충청남도,당진시,충남 당진시 대호만로 2424-0,문화관광,전시시설,7065
백제문화제공주,충청남도,공주시,충남 공주시 금벽로 368-0,문화관광,기타문화관광지,6613
청수호수공원,충청남도,천안시 동남구,충남 천안시 동남구 청수로 20-0,문화관광,도시공원,6526
성정공원,충청남도,천안시 서북구,충남 천안시 서북구,문화관광,도시공원,6359
롯데시네마당진,충청남도,당진시,충남 당진시 시청2로 49-19,문화관광,공연시설,6228
유관순열사기념관,충청남도,천안시 동남구,충남 천안시 동남구 유관순길 38-0,문화관광,전시시설,6107
너티차일드천안점,충청남도,천안시 서북구,충남 천안시 서북구 불당19로 111-0,문화관광,테마공원,5813
도솔광장,충청남도,천안시 동남구,충남 천안시 동남구,문화관광,도시공원,5802
공주시립박찬호야구장,충청남도,공주시,충남 공주시 백제큰길 2425-0,문화관광,레저스포츠시설,5791
보령에너지월드,충청남도,보령시,충남 보령시 오천해안로 89-37,문화관광,전시시설,5602
만리포해수욕장전망대,충청남도,태안군,충남 태안군 만리포2길 190-3,문화관광,랜드마크관광,5494
점핑고신불당점,충청남도,천안시 서북구,충남 천안시 서북구 불당22대로 86-0,문화관광,테마공원,5477
오션어드벤처,충청남도,천안시 동남구,충남 천안시 동남구 종합휴양지로 200-0,문화관광,테마공원,5397
천안생활체육공원,충청남도,천안시 동남구,충남 천안시 동남구 천안대로 357-0,문화관광,도시공원,5349
안면도백사장대하축제,충청남도,태안군,충남 태안군 백사장1길 120-0,문화관광,기타문화관광지,5339
선장축구장,충청남도,아산시,충남 아산시,문화관광,레저스포츠시설,5269
속동전망대,충청남도,홍성군,충남 홍성군 남당항로 689-0,문화관광,랜드마크관광,5222
예산황새공원,충청남도,예산군,충남 예산군 시목대리길 62-19,문화관광,도시공원,5197
서동요오픈세트장,충청남도,부여군,충남 부여군 충신로 616-0,문화관광,기타문화관광지,5020
계룡산자연사박물관,충청남도,공주시,충남 공주시 임금봉길 49-25,문화관광,전시시설,4960
메가박스공주,충청남도,공주시,충남 공주시 흑수골길 12-0,문화관광,공연시설,4770
천안타운홀전망대,충청남도,천안시 동남구,충남 천안시 동남구 옛시청길 29-0,문화관광,랜드마크관광,4761
구드래조각공원,충청남도,부여군,충남 부여군,문화관광,도시공원,4732
고운식물원,충청남도,청양군,충남 청양군 식물원길 398-23,문화관광,테마공원,4646
보령해저터널홍보관,충청남도,보령시,충남 보령시,문화관광,전시시설,4590
한화이글스서산경기장,충청남도,서산시,충남 서산시 성연3로 240-72,문화관광,레저스포츠시설,4544
윤봉길의사기념관,충청남도,예산군,충남 예산군 덕산온천로 183-5,문화관광,전시시설,4326
현대자동차문화관,충청남도,아산시,충남 아산시 현대로1029번길 200-47,문화관광,기타문화관광지,4323
봉서홀,충청남도,천안시 서북구,충남 천안시 서북구 번영로 156-0,문화관광,공연시설,4238
둔포체육공원,충청남도,아산시,충남 아산시 아산호로 1165-0,문화관광,도시공원,4218
보령문화의전당,충청남도,보령시,충남 보령시 대흥로 63-0,문화관광,기타문화관광지,4214
삽교호바다공원,충청남도,당진시,충남 당진시,문화관광,도시공원,4212
천안자동차극장,충청남도,천안시 동남구,충남 천안시 동남구 5산단로 331-17,문화관광,공연시설,4130
미스터션샤인촬영지(선샤인랜드),충청남도,논산시,충남 논산시 봉황로 102-0,문화관광,기타문화관광지,4100
천안시민체육공원,충청남도,천안시 서북구,충남 천안시 서북구,문화관광,도시공원,4082
백제군사박물관,충청남도,논산시,충남 논산시 충곡로 311-54,문화관광,전시시설,3944
칠지공원,충청남도,부여군,충남 부여군,문화관광,도시공원,3917
선샤인스튜디오,충청남도,논산시,충남 논산시 봉황로 90-0,문화관광,기타문화관광지,3866
서산국화축제,충청남도,서산시,충남 서산시 복남골길 31-1,문화관광,기타문화관광지,3865
예산시네마,충청남도,예산군,충남 예산군 천변로 160-0,문화관광,공연시설,3843
상록리조트상록랜드,충청남도,천안시 동남구,충남 천안시 동남구 수신로 576-0,문화관광,복합관광시설,3823
당림미술관,충청남도,아산시,충남 아산시 외암로1182번길 34-19,문화관광,전시시설,3806
CGV홍성,충청남도,홍성군,충남 홍성군 조양로247번길 9-0,문화관광,공연시설,3755
고대지구근린공원,충청남도,당진시,충남 당진시 고대공단2길 357-18,문화관광,도시공원,3725
계룡문화예술의전당,충청남도,계룡시,충남 계룡시 문화1로 13-0,문화관광,공연시설,3579
의좋은형제공원,충청남도,예산군,충남 예산군,문화관광,도시공원,3522
서천생태공원,충청남도,서천군,충남 서천군 당선길 0-0,문화관광,도시공원,3520
홍예공원,충청남도,홍성군,충남 홍성군,문화관광,도시공원,3435
쥬쥬피아,충청남도,천안시 동남구,충남 천안시 동남구 성불사길 36-0,문화관광,테마공원,3419
서천홍원항자연산전어꽃게축제,충청남도,서천군,충남 서천군 홍원길 88-0,문화관광,기타문화관광지,3417
선장포노을공원,충청남도,아산시,충남 아산시 선장로 121-10,문화관광,도시공원,3415
장항항수산물꼴갑축제,충청남도,서천군,충남 서천군,문화관광,기타문화관광지,3377
꽃지해안공원,충청남도,태안군,충남 태안군,문화관광,도시공원,3342
신두리사구센터,충청남도,태안군,충남 태안군 신두해변길 201-54,문화관광,전시시설,3338
합덕수리민속박물관,충청남도,당진시,충남 당진시 덕평로 379-9,문화관광,전시시설,3337
천안야구장,충청남도,천안시 동남구,충남 천안시 동남구 천안대로 320-0,문화관광,레저스포츠시설,3333
리각미술관,충청남도,천안시 동남구,충남 천안시 동남구 태조산길 245-0,문화관광,전시시설,3303
기지시줄다리기박물관,충청남도,당진시,충남 당진시 안틀모시길 11-0,문화관광,전시시설,3257
노라쥬,충청남도,공주시,충남 공주시 인풍태성길 12-0,문화관광,테마공원,3244
오룡웰빙파크,충청남도,천안시 동남구,충남 천안시 동남구 성황로 121-0,문화관광,도시공원,3149
청양군목재문화자연사체험관,충청남도,청양군,충남 청양군 칠갑산로 704-21,문화관광,전시시설,3111
스플라스워터파크,충청남도,예산군,충남 예산군 온천단지3로 45-7,문화관광,테마공원,3107
지산공원,충청남도,아산시,충남 아산시 연화로 31-0,문화관광,도시공원,3069
점핑고,충청남도,천안시 동남구,충남 천안시 동남구 신촌로 24-0,문화관광,테마공원,3058
메가박스논산,충청남도,논산시,충남 논산시 중앙로 255-0,문화관광,공연시설,2987
남당노을전망대,충청남도,홍성군,충남 홍성군,문화관광,랜드마크관광,2970
천안아산역동광장,충청남도,아산시,충남 아산시,문화관광,도시공원,2963
이안숲속,충청남도,공주시,충남 공주시 수목원길 25-0,문화관광,테마공원,2825
충청남도역사박물관,충청남도,공주시,충남 공주시 국고개길 24-0,문화관광,전시시설,2824
보령태안도로홍보관,충청남도,보령시,충남 보령시,문화관광,전시시설,2823
태안세계튤립꽃박람회,충청남도,태안군,충남 태안군 꽃지해안로 400-0,문화관광,기타문화관광지,2802
동학사벚꽃길,충청남도,공주시,충남 공주시,문화관광,테마공원,2799
백마강생활체육공원,충청남도,부여군,충남 부여군,문화관광,도시공원,2736
연무체육공원,충청남도,논산시,충남 논산시 연무로166번길 64-0,문화관광,도시공원,2717
독립기념관단풍나무숲길힐링축제,충청남도,천안시 동남구,충남 천안시 동남구 삼방로 159-0,문화관광,기타문화관광지,2716
웅천체육공원,충청남도,보령시,충남 보령시,문화관광,도시공원,2696
이응노의집,충청남도,홍성군,충남 홍성군 이응노로 61-7,문화관광,전시시설,2659
볼베어파크천안점,충청남도,천안시 동남구,충남 천안시 동남구 옛시청길 29-0,문화관광,테마공원,2587
그림같은수목원,충청남도,홍성군,충남 홍성군 충서로400번길 102-36,문화관광,테마공원,2581
안면도쥬라기공원,충청남도,태안군,충남 태안군 곰섬로 37-20,문화관광,도시공원,2490
보령천북굴축제,충청남도,보령시,충남 보령시,문화관광,기타문화관광지,2475
아라리오갤러리,충청남도,천안시 동남구,충남 천안시 동남구 만남로 43-0,문화관광,전시시설,2470
논산강경젓갈축제,충청남도,논산시,충남 논산시,문화관광,기타문화관광지,2455
방아다리공원,충청남도,천안시 서북구,충남 천안시 서북구,문화관광,도시공원,2415
보령댐휴게공원,충청남도,보령시,충남 보령시,문화관광,도시공원,2415
CGV논산,충청남도,논산시,충남 논산시 시민로 181-0,문화관광,공연시설,2415
세계조롱박축제,충청남도,청양군,충남 청양군,문화관광,기타문화관광지,2397
정안천생태공원,충청남도,공주시,충남 공주시 의당로 0-0,문화관광,도시공원,2395
나태주풀꽃문학관,충청남도,공주시,충남 공주시 봉황로 85-12,문화관광,기타문화관광지,2360
국립해양문화재연구소국립태안해양유물전시관,충청남도,태안군,충남 태안군 신진대교길 94-33,문화관광,전시시설,2334
바둑이네동물원,충청남도,보령시,충남 보령시 성주산로 673-24,문화관광,테마공원,2273
어사리노을공원,충청남도,홍성군,충남 홍성군 남당항자전거길 53-0,문화관광,도시공원,2178
아산코미디홀,충청남도,아산시,충남 아산시 아산만로 171-0,문화관광,전시시설,2014
만리포전망타워,충청남도,태안군,충남 태안군,문화관광,랜드마크관광,1991
쉼이있는정원,충청남도,서산시,충남 서산시 모월3길 1-15,문화관광,도시공원,1979
엠플레이파크,충청남도,태안군,충남 태안군 그절미길 2-99,문화관광,테마공원,1958
기러기공원,충청남도,금산군,충남 금산군,문화관광,도시공원,1956
광천생활체육공원,충청남도,홍성군,충남 홍성군 홍남로 764-42,문화관광,도시공원,1953
백제역사문화관,충청남도,부여군,충남 부여군 백제문로 455-0,문화관광,전시시설,1893
백제문화체험박물관,충청남도,청양군,충남 청양군 장곡길 43-24,문화관광,전시시설,1893
스타비키즈카페,충청남도,천안시 서북구,충남 천안시 서북구 성성9로 7-0,문화관광,테마공원,1881
중앙공원,충청남도,아산시,충남 아산시 중앙공원로 41-0,문화관광,도시공원,1872
에어바이킹포시즌파크,충청남도,천안시 동남구,충남 천안시 동남구 용수골길 38-0,문화관광,테마공원,1833
서천동백꽃주꾸미축제,충청남도,서천군,충남 서천군 서인로 56-0,문화관광,기타문화관광지,1811
계룡대야구장,충청남도,계룡시,충남 계룡시,문화관광,레저스포츠시설,1802
아산그린타워,충청남도,아산시,충남 아산시 실옥로 220-0,문화관광,랜드마크관광,1792
금학생태공원,충청남도,공주시,충남 공주시,문화관광,도시공원,1759
태안가을꽃축제,충청남도,태안군,충남 태안군 꽃지해안로 400-0,문화관광,기타문화관광지,1722
신정호물놀이장,충청남도,아산시,충남 아산시 신정로 609-9,문화관광,테마공원,1682
양촌곶감축제,충청남도,논산시,충남 논산시,문화관광,기타문화관광지,1674
금산인삼관,충청남도,금산군,충남 금산군 인삼광장로 30-0,문화관광,전시시설,1663
천안아산역서광장,충청남도,아산시,충남 아산시,문화관광,도시공원,1655
백제문화제부여,충청남도,부여군,충남 부여군 백강로 135-0,문화관광,기타문화관광지,1652
GWP파크,충청남도,아산시,충남 아산시,문화관광,복합관광시설,1650
태안기업도시라티에라홍보관,충청남도,태안군,충남 태안군 천수만로 365-4,문화관광,전시시설,1636
당진왜목마을해넘이해돋이축제,충청남도,당진시,충남 당진시,문화관광,기타문화관광지,1634
오마이갤러리,충청남도,태안군,충남 태안군 안면대로 3175-7,문화관광,전시시설,1628
석문공원축구장,충청남도,당진시,충남 당진시,문화관광,레저스포츠시설,1596
용봉산시네마자동차극장,충청남도,홍성군,충남 홍성군 용봉산1길 7-0,문화관광,공연시설,1592
명보시네마,충청남도,보령시,충남 보령시 중앙로 125-0,문화관광,공연시설,1591
삽교호호수공원,충청남도,당진시,충남 당진시 삽교천길 84-91,문화관광,도시공원,1584
영인산산림박물관,충청남도,아산시,충남 아산시 아산온천로 16-30,문화관광,전시시설,1579
고남패총박물관,충청남도,태안군,충남 태안군 안면대로 4270-6,문화관광,전시시설,1571
예당관광지,충청남도,예산군,충남 예산군 예당관광로 161-0,문화관광,복합관광시설,1559
점핑몬스터내포점,충청남도,예산군,충남 예산군 청사로 202-0,문화관광,테마공원,1527
보령물빛공원,충청남도,보령시,충남 보령시,문화관광,도시공원,1504
태배전망대,충청남도,태안군,충남 태안군,문화관광,랜드마크관광,1504
백세건강공원,충청남도,청양군,충남 청양군,문화관광,도시공원,1477
공주산성시장문화공원,충청남도,공주시,충남 공주시,문화관광,도시공원,1476
임립미술관,충청남도,공주시,충남 공주시 봉곡길 77-13,문화관광,전시시설,1475
플레이원용곡점,충청남도,천안시 동남구,충남 천안시 동남구 용곡4길 4-0,문화관광,테마공원,1464
서산류방택천문기상과학관,충청남도,서산시,충남 서산시 무학로 1353-4,문화관광,전시시설,1460
서대산드림리조트,충청남도,금산군,충남 금산군 성당로 247-0,문화관광,복합관광시설,1459
KT&G상상마당논산,충청남도,논산시,충남 논산시 한천길 15-20,문화관광,기타문화관광지,1457
보령머드박물관,충청남도,보령시,충남 보령시 대해로 897-15,문화관광,전시시설,1449
서천군기벌포영화관,충청남도,서천군,충남 서천군 장항로145번길 30-0,문화관광,공연시설,1433
챌린지팜,충청남도,논산시,충남 논산시 신화길 81-22,문화관광,테마공원,1417
태안군별똥별하늘공원,충청남도,태안군,충남 태안군 곰섬로 37-18,문화관광,전시시설,1396
논산베이스볼파크,충청남도,논산시,충남 논산시 마봉로 237-53,문화관광,레저스포츠시설,1359
탕정제스트베이스볼파크,충청남도,아산시,충남 아산시,문화관광,레저스포츠시설,1355
한마음야구장,충청남도,아산시,충남 아산시 모종북로76번길 62-0,문화관광,레저스포츠시설,1352
논산벌곡랜드,충청남도,논산시,충남 논산시 황룡재로 494-0,문화관광,복합관광시설,1331
국립부여박물관사비마루,충청남도,부여군,충남 부여군 금성로 5-0,문화관광,전시시설,1321
별주부갯벌체험,충청남도,태안군,충남 태안군 청포대길 57-90,문화관광,기타문화관광지,1316
박첨지놀이전수관,충청남도,서산시,충남 서산시 탑곡고양동1길 113-9,문화관광,기타문화관광지,1293
금산지구별그림책마을,충청남도,금산군,충남 금산군 장대울길 52-0,문화관광,기타문화관광지,1290
아산환경과학공원,충청남도,아산시,충남 아산시 실옥로 220-0,문화관광,도시공원,1288
청양고추구기자축제,충청남도,청양군,충남 청양군 은천동길 16-6,문화관광,기타문화관광지,1286
공주석장리세계구석기축제,충청남도,공주시,충남 공주시 금벽로 990-0,문화관광,기타문화관광지,1283
칠갑산장승공원,충청남도,청양군,충남 청양군 장곡길 119-17,문화관광,도시공원,1276
금산역사문화박물관,충청남도,금산군,충남 금산군 금산로 1575-0,문화관광,전시시설,1259
팜카밀레허브축제,충청남도,태안군,충남 태안군 우운길 56-19,문화관광,기타문화관광지,1254
합덕제수변공원,충청남도,당진시,충남 당진시,문화관광,도시공원,1249
천안예술의전당미술관,충청남도,천안시 동남구,충남 천안시 동남구 종합휴양지로 185-0,문화관광,전시시설,1242
청라은행마을단풍축제,충청남도,보령시,충남 보령시,문화관광,기타문화관광지,1234
지상군페스티벌,충청남도,계룡시,충남 계룡시,문화관광,기타문화관광지,1231
무궁화학습원,충청남도,계룡시,충남 계룡시,문화관광,도시공원,1203
국립생태원미디리움,충청남도,서천군,충남 서천군 금강로 1210-0,문화관광,전시시설,1197
합덕제연호문화축제,충청남도,당진시,충남 당진시,문화관광,기타문화관광지,1187
키존빌리지천안점,충청남도,천안시 서북구,충남 천안시 서북구 한들1로 157-0,문화관광,테마공원,1180
삼길포항방파제등대,충청남도,서산시,충남 서산시,문화관광,랜드마크관광,1178
예당호조각공원,충청남도,예산군,충남 예산군,문화관광,도시공원,1174
성경전래지기념관,충청남도,서천군,충남 서천군 서인로 89-16,문화관광,전시시설,1173
직산삼은저수지생활체육공원,충청남도,천안시 서북구,충남 천안시 서북구 직산로 136-0,문화관광,도시공원,1164
성주산전망대,충청남도,보령시,충남 보령시,문화관광,랜드마크관광,1161
박찬호기념관,충청남도,공주시,충남 공주시 산성찬호길 19-0,문화관광,전시시설,1152
에덴힐스힐링파크,충청남도,홍성군,충남 홍성군 와룡로126번길 76-64,문화관광,기타문화관광지,1144
병암유원지,충청남도,논산시,충남 논산시,문화관광,복합관광시설,1140
방축수영장,충청남도,아산시,충남 아산시 신정로 685-0,문화관광,테마공원,1108
더스완천안아산점,충청남도,천안시 동남구,충남 천안시 동남구 청수14로 102-0,문화관광,테마공원,1095
능안생태공원,충청남도,당진시,충남 당진시,문화관광,도시공원,1083
무한천체육공원,충청남도,예산군,충남 예산군,문화관광,도시공원,1081
신정호공원,충청남도,아산시,충남 아산시,문화관광,도시공원,1079
상록리조트컨벤션센터,충청남도,천안시 동남구,충남 천안시 동남구 수신로 576-0,문화관광,기타문화관광지,1077
슈슈봉봉천안불당점,충청남도,천안시 서북구,충남 천안시 서북구 불당25로 178-0,문화관광,테마공원,1071
서천자연산광어도미축제,충청남도,서천군,충남 서천군 서인로 56-0,문화관광,기타문화관광지,1070
아산옹기전시체험관,충청남도,아산시,충남 아산시 도고산로 810-0,문화관광,전시시설,1070
당진문화예술학교,충청남도,당진시,충남 당진시 남산공원길 151-13,문화관광,기타문화관광지,1067
아장아장베이비카페,충청남도,천안시 서북구,충남 천안시 서북구 3공단6로 50-0,문화관광,테마공원,1064
금산세계인삼엑스포,충청남도,금산군,충남 금산군,문화관광,기타문화관광지,1063
곰나루어린이수영장,충청남도,공주시,충남 공주시 백제큰길 2110-16,문화관광,테마공원,1052
무창포신비의바닷길대하전어축제,충청남도,보령시,충남 보령시 열린바다2길 46-0,문화관광,기타문화관광지,1051
충청수영해안경관전망대,충청남도,보령시,충남 보령시 충청수영로 623-25,문화관광,랜드마크관광,1038
태안몽산포항주꾸미수산물축제,충청남도,태안군,충남 태안군,문화관광,기타문화관광지,1034
양촌가든유원지,충청남도,논산시,충남 논산시 이메길 25-0,문화관광,복합관광시설,1027
간월호쉼터공원,충청남도,서산시,충남 서산시,문화관광,도시공원,1022
보령머드테마파크,충청남도,보령시,충남 보령시 고잠2길 55-0,문화관광,테마공원,1008
청년아지트나와유배방점,충청남도,아산시,충남 아산시 월천2길 8-14,문화관광,기타문화관광지,1000
정림사지박물관,충청남도,부여군,충남 부여군,문화관광,전시시설,976
당진야구장,충청남도,당진시,충남 당진시,문화관광,레저스포츠시설,967
백마강코스모스단지,충청남도,부여군,충남 부여군,문화관광,복합관광시설,956
별주부갯벌체험,충청남도,태안군,충남 태안군 별주부길 81-57,문화관광,기타문화관광지,952
신리체육공원,충청남도,홍성군,충남 홍성군,문화관광,도시공원,945
쁘띠베베,충청남도,천안시 서북구,충남 천안시 서북구 성성8로 14-4,문화관광,테마공원,932
원골유원지,충청남도,금산군,충남 금산군,문화관광,복합관광시설,926
유류피해극복기념관,충청남도,태안군,충남 태안군 천리포1길 120-0,문화관광,전시시설,919
봉봉키즈천안아산점,충청남도,천안시 서북구,충남 천안시 서북구 불당34길 22-0,문화관광,테마공원,910
도리파크,충청남도,당진시,충남 당진시 중흥1길 59-0,문화관광,테마공원,896
주벅배전망대,충청남도,서산시,충남 서산시,문화관광,랜드마크관광,881
백마강테마파크,충청남도,부여군,충남 부여군 백마강길 56-33,문화관광,테마공원,879
한훈기념관,충청남도,계룡시,충남 계룡시 계룡대1로 35-0,문화관광,전시시설,876
팔봉산감자축제,충청남도,서산시,충남 서산시,문화관광,기타문화관광지,873
백제오감체험관,충청남도,공주시,충남 공주시 고마나루길 30-0,문화관광,전시시설,854
씨네큐천안불당점,충청남도,천안시 서북구,충남 천안시 서북구 불당33길 28-0,문화관광,공연시설,835
까치내유원지,충청남도,청양군,충남 청양군,문화관광,복합관광시설,833
삽교호호수공원야구장,충청남도,당진시,충남 당진시,문화관광,레저스포츠시설,831
지중해관광농원,충청남도,논산시,충남 논산시 원앙로503번길 19-14,문화관광,테마공원,828
큐리키즈카페태안점,충청남도,태안군,충남 태안군 내월길 4-0,문화관광,테마공원,822
태안팜파스축제,충청남도,태안군,충남 태안군 연꽃길 70-0,문화관광,기타문화관광지,806
부여세도방울토마토유채꽃축제,충청남도,부여군,충남 부여군,문화관광,기타문화관광지,802
곰나루국민관광단지,충청남도,공주시,충남 공주시,문화관광,복합관광시설,776
쌍용동로데오거리,충청남도,천안시 서북구,충남 천안시 서북구 미라7길 17-0,문화관광,테마공원,769
태안해안체험학습관,충청남도,태안군,충남 태안군 몽산포길 57-0,문화관광,기타문화관광지,764
한여름밤의신정호별빛축제,충청남도,아산시,충남 아산시 신정로 616-0,문화관광,기타문화관광지,754
재리쥬작은동물원,충청남도,천안시 동남구,충남 천안시 동남구 도원리2길 73-19,문화관광,테마공원,750
우정박물관,충청남도,천안시 동남구,충남 천안시 동남구 양지말1길 11-14,문화관광,전시시설,739
코리아플라워파크빛축제,충청남도,태안군,충남 태안군 꽃지해안로 400-0,문화관광,기타문화관광지,728
예산해봄센터,충청남도,예산군,충남 예산군 산성길 8-0,문화관광,기타문화관광지,728
국립해양문화재연구소태안보존센터,충청남도,태안군,충남 태안군 신진대교길 107-0,문화관광,전시시설,716
바른풋살장,충청남도,아산시,충남 아산시 구령길 21-21,문화관광,레저스포츠시설,708
배방파인트리수영장,충청남도,아산시,충남 아산시 북수서로 48-28,문화관광,테마공원,692
지산체육공원,충청남도,아산시,충남 아산시,문화관광,도시공원,674
플레이랩천안점,충청남도,천안시 서북구,충남 천안시 서북구 불당25로 66-0,문화관광,테마공원,670
아산신도시물환경센터축구장,충청남도,아산시,충남 아산시 이순신대로 470-54,문화관광,레저스포츠시설,664
화이트블럭천안창작촌,충청남도,천안시 동남구,충남 천안시 동남구 광풍로 315-0,문화관광,기타문화관광지,660
조이풀수영장,충청남도,천안시 서북구,충남 천안시 서북구 백석로 85-0,문화관광,테마공원,655
무창포타워,충청남도,보령시,충남 보령시 열린바다로 295-0,문화관광,랜드마크관광,653
타요키즈카페당진점,충청남도,당진시,충남 당진시 당진중앙2로 101-0,문화관광,테마공원,652
천안박물관다다어린이체험관,충청남도,천안시 동남구,충남 천안시 동남구 천안대로 429-13,문화관광,전시시설,636
쁘띠엘점프로이,충청남도,천안시 서북구,충남 천안시 서북구 두정로 230-0,문화관광,테마공원,627
연산대추축제,충청남도,논산시,충남 논산시,문화관광,기타문화관광지,626
서동공원,충청남도,부여군,충남 부여군,문화관광,도시공원,623
김종범사진문화관,충청남도,논산시,충남 논산시 대둔로351번길 39-0,문화관광,전시시설,622
꽃지해수욕장,충청남도,태안군,충남 태안군 꽃지해안로 400-0,자연관광,자연경관(하천/해양),174713
삼길포항,충청남도,서산시,충남 서산시,자연관광,자연경관(하천/해양),123048
몽산포해수욕장,충청남도,태안군,충남 태안군,자연관광,자연경관(하천/해양),117878
대천항,충청남도,보령시,충남 보령시,자연관광,자연경관(하천/해양),102870
만리포해수욕장,충청남도,태안군,충남 태안군 만리포2길 138-0,자연관광,자연경관(하천/해양),98856
남당항,충청남도,홍성군,충남 홍성군 남당항로213번길 1-0,자연관광,자연경관(하천/해양),90606
장고항,충청남도,당진시,충남 당진시 장고항로 334-0,자연관광,자연경관(하천/해양),87232
무창포해수욕장,충청남도,보령시,충남 보령시 열린바다1길 10-0,자연관광,자연경관(하천/해양),72142
홍원항,충청남도,서천군,충남 서천군,자연관광,자연경관(하천/해양),68481
신진항,충청남도,태안군,충남 태안군 신진부두길 35-26,자연관광,자연경관(하천/해양),61039
춘장대해수욕장,충청남도,서천군,충남 서천군,자연관광,자연경관(하천/해양),59536
백사장항,충청남도,태안군,충남 태안군,자연관광,자연경관(하천/해양),56587
청포대해수욕장,충청남도,태안군,충남 태안군,자연관광,자연경관(하천/해양),53384
한진포구,충청남도,당진시,충남 당진시 한진포구길 49-0,자연관광,자연경관(하천/해양),52687
왜목마을해수욕장,충청남도,당진시,충남 당진시 왜목길 26-0,자연관광,자연경관(하천/해양),51844
오천항,충청남도,보령시,충남 보령시 오천해안로 781-14,자연관광,자연경관(하천/해양),48869
천리포수목원,충청남도,태안군,충남 태안군 천리포1길 187-0,자연관광,자연공원,47641
안면도자연휴양림,충청남도,태안군,충남 태안군 안면대로 3195-6,자연관광,자연공원,45965
탑정호,충청남도,논산시,충남 논산시,자연관광,자연경관(하천/해양),42287
안면도,충청남도,태안군,충남 태안군,자연관광,자연경관(하천/해양),38266
영목항,충청남도,태안군,충남 태안군 월고지길 58-0,자연관광,자연경관(하천/해양),37649
드르니항,충청남도,태안군,충남 태안군 드르니길 143-14,자연관광,자연경관(하천/해양),36098
마검포항,충청남도,태안군,충남 태안군,자연관광,자연경관(하천/해양),35002
영인산자연휴양림,충청남도,아산시,충남 아산시 아산온천로 16-26,자연관광,자연공원,34855
몽산포항,충청남도,태안군,충남 태안군 몽대로 495-18,자연관광,자연경관(하천/해양),34816
원산도해수욕장,충청남도,보령시,충남 보령시,자연관광,자연경관(하천/해양),33757
예당저수지,충청남도,예산군,충남 예산군,자연관광,자연경관(하천/해양),26439
당암포구,충청남도,태안군,충남 태안군 한바위길 54-7,자연관광,자연경관(하천/해양),24298
간월도마을,충청남도,서산시,충남 서산시,자연관광,자연경관(하천/해양),23274
파도리해수욕장,충청남도,태안군,충남 태안군,자연관광,자연경관(하천/해양),23255
안흥항,충청남도,태안군,충남 태안군 안흥1길 0-0,자연관광,자연경관(하천/해양),22722
삼봉해수욕장,충청남도,태안군,충남 태안군,자연관광,자연경관(하천/해양),22410
마검포해수욕장,충청남도,태안군,충남 태안군,자연관광,자연경관(하천/해양),21730
원산도,충청남도,보령시,충남 보령시,자연관광,자연경관(하천/해양),21108
안섬포구,충청남도,당진시,충남 당진시,자연관광,자연경관(하천/해양),20549
장항송림산림욕장,충청남도,서천군,충남 서천군 장항산단로34번길 104-0,자연관광,자연공원,19256
달산포해수욕장,충청남도,태안군,충남 태안군,자연관광,자연경관(하천/해양),18252
벌천포해수욕장,충청남도,서산시,충남 서산시,자연관광,자연경관(하천/해양),17952
연포해수욕장,충청남도,태안군,충남 태안군,자연관광,자연경관(하천/해양),17480
독산해수욕장,충청남도,보령시,충남 보령시,자연관광,자연경관(하천/해양),17326
마량포구,충청남도,서천군,충남 서천군 서인로 228-32,자연관광,자연경관(하천/해양),17302
학암포해수욕장,충청남도,태안군,충남 태안군,자연관광,자연경관(하천/해양),17196
무창포항,충청남도,보령시,충남 보령시 열린바다2길 46-0,자연관광,자연경관(하천/해양),17089
삼선산수목원,충청남도,당진시,충남 당진시 삼선산수목원길 79-0,자연관광,자연공원,16558
오봉산해수욕장,충청남도,보령시,충남 보령시,자연관광,자연경관(하천/해양),15087
운여해변,충청남도,태안군,충남 태안군,자연관광,자연경관(하천/해양),14759
서부두,충청남도,당진시,충남 당진시,자연관광,자연경관(하천/해양),14092
황금산,충청남도,서산시,충남 서산시,자연관광,자연경관(산),13992
태학산자연휴양림,충청남도,천안시 동남구,충남 천안시 동남구 돈마루1길 188-0,자연관광,자연공원,13957
계룡산국립공원동학사지구,충청남도,공주시,충남 공주시 동학사1로 327-6,자연관광,자연공원,13877
성주산자연휴양림,충청남도,보령시,충남 보령시 먹방계곡길 39-0,자연관광,자연공원,13771
온빛자연휴양림,충청남도,논산시,충남 논산시,자연관광,자연공원,13587
대산항,충청남도,서산시,충남 서산시 대죽1로 301-15,자연관광,자연경관(하천/해양),13444
오서산자연휴양림,충청남도,보령시,충남 보령시 오서산길 531-0,자연관광,자연공원,13276
희리산해송자연휴양림,충청남도,서천군,충남 서천군 희리산길 206-0,자연관광,자연공원,13102
천리포해수욕장,충청남도,태안군,충남 태안군,자연관광,자연경관(하천/해양),12914
신두리해수욕장,충청남도,태안군,충남 태안군,자연관광,자연경관(하천/해양),12607
강당골,충청남도,아산시,충남 아산시,자연관광,자연경관(산),12436
바람아래해수욕장,충청남도,태안군,충남 태안군,자연관광,자연경관(하천/해양),12135
샛별해수욕장,충청남도,태안군,충남 태안군,자연관광,자연경관(하천/해양),12079
태안해안국립공원몽산포지구,충청남도,태안군,충남 태안군 몽산포길 54-0,자연관광,자연공원,11630
구매항,충청남도,태안군,충남 태안군 구매길 93-0,자연관광,자연경관(하천/해양),11413
미르섬,충청남도,공주시,충남 공주시 금벽로 368-0,자연관광,자연경관(하천/해양),11244
신진도,충청남도,태안군,충남 태안군,자연관광,자연경관(하천/해양),11210
봉수산자연휴양림,충청남도,예산군,충남 예산군 임존성길 153-0,자연관광,자연공원,10596
밧개해수욕장,충청남도,태안군,충남 태안군,자연관광,자연경관(하천/해양),10437
방포항,충청남도,태안군,충남 태안군 방포항길 64-0,자연관광,자연경관(하천/해양),10394
방포해수욕장,충청남도,태안군,충남 태안군,자연관광,자연경관(하천/해양),10369
비인해수욕장,충청남도,서천군,충남 서천군,자연관광,자연경관(하천/해양),9959
마섬포구,충청남도,당진시,충남 당진시,자연관광,자연경관(하천/해양),9874
안면도수목원,충청남도,태안군,충남 태안군 안면대로 3195-6,자연관광,자연공원,9874
용봉산,충청남도,홍성군,충남 홍성군,자연관광,자연경관(산),9822
용현자연휴양림,충청남도,서산시,충남 서산시 마애삼존불길 339-0,자연관광,자연공원,9004
만대항,충청남도,태안군,충남 태안군 원이로 0-0,자연관광,자연경관(하천/해양),8990
삽교호,충청남도,당진시,충남 당진시,자연관광,자연경관(하천/해양),8707
염치저수지,충청남도,아산시,충남 아산시,자연관광,자연경관(하천/해양),8511
용봉산자연휴양림,충청남도,홍성군,충남 홍성군 용봉산2길 87-0,자연관광,자연공원,8291
수락계곡,충청남도,논산시,충남 논산시,자연관광,자연경관(산),7873
궁리포구,충청남도,홍성군,충남 홍성군,자연관광,자연경관(하천/해양),7831
공주산림휴양마을,충청남도,공주시,충남 공주시 수원지공원길 222-0,자연관광,자연공원,7536
파도리해식동굴,충청남도,태안군,충남 태안군,자연관광,자연생태,7292
칠갑산도립공원,충청남도,청양군,충남 청양군,자연관광,자연공원,7229
남이자연휴양림,충청남도,금산군,충남 금산군,자연관광,자연공원,7154
내포항,충청남도,태안군,충남 태안군,자연관광,자연경관(하천/해양),7082
저두항,충청남도,보령시,충남 보령시,자연관광,자연경관(하천/해양),6855
꾸지나무골해수욕장,충청남도,태안군,충남 태안군,자연관광,자연경관(하천/해양),6679
마도방파제,충청남도,태안군,충남 태안군,자연관광,자연경관(하천/해양),6664
용두해수욕장,충청남도,보령시,충남 보령시,자연관광,자연경관(하천/해양),6639
용현계곡,충청남도,서산시,충남 서산시 마애삼존불길 0-0,자연관광,자연경관(산),6631
어은돌해수욕장,충청남도,태안군,충남 태안군,자연관광,자연경관(하천/해양),6618
왜목항,충청남도,당진시,충남 당진시,자연관광,자연경관(하천/해양),6456
백사장해수욕장,충청남도,태안군,충남 태안군,자연관광,자연경관(하천/해양),6429
팔봉산,충청남도,서산시,충남 서산시,자연관광,자연경관(산),6350
용연저수지,충청남도,천안시 동남구,충남 천안시 동남구,자연관광,자연경관(하천/해양),6268
안면해수욕장,충청남도,태안군,충남 태안군,자연관광,자연경관(하천/해양),6245
장항항,충청남도,서천군,충남 서천군 장산로 232-0,자연관광,자연경관(하천/해양),6043
대야도항,충청남도,태안군,충남 태안군 대야로 0-0,자연관광,자연경관(하천/해양),5817
가야산,충청남도,서산시,충남 서산시,자연관광,자연경관(산),5809
도비도항,충청남도,당진시,충남 당진시,자연관광,자연경관(하천/해양),5773
용무치항,충청남도,당진시,충남 당진시 용무치길 17-18,자연관광,자연경관(하천/해양),5652
칠갑산자연휴양림,충청남도,청양군,충남 청양군 칠갑산로 668-103,자연관광,자연공원,5525
천리포항,충청남도,태안군,충남 태안군,자연관광,자연경관(하천/해양),5301
신진도방파제,충청남도,태안군,충남 태안군,자연관광,자연경관(하천/해양),5211
냉풍욕장,충청남도,보령시,충남 보령시 냉풍욕장길 190-0,자연관광,자연공원,5193
채석포항,충청남도,태안군,충남 태안군 용도로 258-0,자연관광,자연경관(하천/해양),5106
웅도,충청남도,서산시,충남 서산시,자연관광,자연경관(하천/해양),4911
초전항,충청남도,보령시,충남 보령시,자연관광,자연경관(하천/해양),4851
대산항관리부두,충청남도,서산시,충남 서산시 대죽1로 301-15,자연관광,자연경관(하천/해양),4851
갈음이해수욕장,충청남도,태안군,충남 태안군,자연관광,자연경관(하천/해양),4827
아미산,충청남도,당진시,충남 당진시,자연관광,자연경관(산),4825
천흥저수지,충청남도,천안시 서북구,충남 천안시 서북구,자연관광,자연경관(하천/해양),4573
오서산,충청남도,홍성군,충남 홍성군,자연관광,자연경관(산),4498
회변항,충청남도,보령시,충남 보령시 하학로 763-0,자연관광,자연경관(하천/해양),4463
곰섬해수욕장,충청남도,태안군,충남 태안군,자연관광,자연경관(하천/해양),4336
솔감저수지,충청남도,서산시,충남 서산시,자연관광,자연경관(하천/해양),4309
칠갑산,충청남도,청양군,충남 청양군,자연관광,자연경관(산),4094
광덕산,충청남도,아산시,충남 아산시,자연관광,자연경관(산),4085
성구미포구,충청남도,당진시,충남 당진시,자연관광,자연경관(하천/해양),4002
계룡저수지,충청남도,공주시,충남 공주시,자연관광,자연경관(하천/해양),3844
광덕산,충청남도,천안시 동남구,충남 천안시 동남구,자연관광,자연경관(산),3771
양촌자연휴양림,충청남도,논산시,충남 논산시 매죽헌로1723번길 0-0,자연관광,자연공원,3759
장삼포해수욕장,충청남도,태안군,충남 태안군,자연관광,자연경관(하천/해양),3748
옥녀봉,충청남도,논산시,충남 논산시,자연관광,자연경관(산),3734
의항해수욕장,충청남도,태안군,충남 태안군,자연관광,자연경관(하천/해양),3694
입암저수지,충청남도,계룡시,충남 계룡시,자연관광,자연경관(하천/해양),3668
월랑저수지,충청남도,아산시,충남 아산시,자연관광,자연경관(하천/해양),3587
마검포방파제,충청남도,태안군,충남 태안군,자연관광,자연경관(하천/해양),3488
저두해수욕장,충청남도,보령시,충남 보령시,자연관광,자연경관(하천/해양),3361
만수산자연휴양림,충청남도,부여군,충남 부여군 휴양로 107-0,자연관광,자연공원,3310
백리포해수욕장,충청남도,태안군,충남 태안군,자연관광,자연경관(하천/해양),3215
통개항,충청남도,태안군,충남 태안군 통개항길 0-0,자연관광,자연경관(하천/해양),3198
송악저수지,충청남도,아산시,충남 아산시,자연관광,자연경관(하천/해양),3189
고풍저수지,충청남도,서산시,충남 서산시,자연관광,자연경관(하천/해양),3132
계룡산국립공원갑사지구,충청남도,공주시,충남 공주시 갑사로 519-0,자연관광,자연공원,3087
풍전저수지,충청남도,서산시,충남 서산시,자연관광,자연경관(하천/해양),2913
어은돌항,충청남도,태안군,충남 태안군 연들길 111-0,자연관광,자연경관(하천/해양),2907
성암저수지,충청남도,서산시,충남 서산시,자연관광,자연경관(하천/해양),2890
성주계곡,충청남도,보령시,충남 보령시,자연관광,자연경관(산),2830
구례포해수욕장,충청남도,태안군,충남 태안군,자연관광,자연경관(하천/해양),2710
개목항,충청남도,태안군,충남 태안군 송의로 763-0,자연관광,자연경관(하천/해양),2669
당진합덕제,충청남도,당진시,충남 당진시,자연관광,자연경관(하천/해양),2616
황도,충청남도,태안군,충남 태안군,자연관광,자연경관(하천/해양),2525
양전저수지,충청남도,천안시 서북구,충남 천안시 서북구,자연관광,자연경관(하천/해양),2518
장곰항,충청남도,태안군,충남 태안군,자연관광,자연경관(하천/해양),2515
서천항,충청남도,서천군,충남 서천군 장산로 20-30,자연관광,자연경관(하천/해양),2501
배방산,충청남도,아산시,충남 아산시,자연관광,자연경관(산),2430
영인지,충청남도,아산시,충남 아산시,자연관광,자연경관(하천/해양),2429
도고저수지,충청남도,아산시,충남 아산시,자연관광,자연경관(하천/해양),2424
계룡산국립공원,충청남도,공주시,충남 공주시 동학사1로 327-6,자연관광,자연공원,2347
태안해양경찰서전용부두,충청남도,태안군,충남 태안군 신진부두길 2-0,자연관광,자연경관(하천/해양),2303
고남저수지,충청남도,서산시,충남 서산시,자연관광,자연경관(하천/해양),2272
국립예산치유의숲,충청남도,예산군,충남 예산군 치유숲길 203-31,자연관광,자연공원,2196
구름포해수욕장,충청남도,태안군,충남 태안군,자연관광,자연경관(하천/해양),2188
수룡항포구,충청남도,홍성군,충남 홍성군 홍보로 1165-0,자연관광,자연경관(하천/해양),2172
몽대포구,충청남도,태안군,충남 태안군,자연관광,자연경관(하천/해양),2172
사창해수욕장,충청남도,보령시,충남 보령시 원산도6길 0-0,자연관광,자연경관(하천/해양),2165
대둔산자연휴양림,충청남도,금산군,충남 금산군 대둔산로 6-0,자연관광,자연공원,2165
골정지,충청남도,당진시,충남 당진시,자연관광,자연경관(하천/해양),2150
모월저수지,충청남도,서산시,충남 서산시,자연관광,자연경관(하천/해양),2139
황금산몽돌해변,충청남도,서산시,충남 서산시,자연관광,자연경관(하천/해양),2137
냉정지,충청남도,아산시,충남 아산시,자연관광,자연경관(하천/해양),2097
옥산저수지,충청남도,부여군,충남 부여군,자연관광,자연경관(하천/해양),2010
봉재저수지,충청남도,아산시,충남 아산시,자연관광,자연경관(하천/해양),2003
수룡저수지,충청남도,태안군,충남 태안군,자연관광,자연경관(하천/해양),2000
다사항,충청남도,서천군,충남 서천군 갯벌체험로944번길 0-0,자연관광,자연경관(하천/해양),1995
성내저수지,충청남도,아산시,충남 아산시,자연관광,자연경관(하천/해양),1959
난지도해수욕장,충청남도,당진시,충남 당진시,자연관광,자연경관(하천/해양),1958
성구미방파제,충청남도,당진시,충남 당진시,자연관광,자연경관(하천/해양),1929
쌀조개섬,충청남도,아산시,충남 아산시,자연관광,자연경관(하천/해양),1918
문방저수지,충청남도,아산시,충남 아산시,자연관광,자연경관(하천/해양),1884
한천저수지,충청남도,공주시,충남 공주시,자연관광,자연경관(하천/해양),1875
수철저수지,충청남도,아산시,충남 아산시,자연관광,자연경관(하천/해양),1858
흑성산,충청남도,천안시 동남구,충남 천안시 동남구,자연관광,자연경관(산),1857
갈목해변,충청남도,서천군,충남 서천군 와석길18번길 0-0,자연관광,자연경관(하천/해양),1830
태안해안국립공원안면도지구,충청남도,태안군,충남 태안군 삼봉길 204-0,자연관광,자연공원,1775
평택당진항중앙부두,충청남도,당진시,충남 당진시 당진항만로 151-0,자연관광,자연경관(하천/해양),1761
천장호,충청남도,청양군,충남 청양군,자연관광,자연경관(하천/해양),1702
불장골저수지,충청남도,공주시,충남 공주시,자연관광,자연경관(하천/해양),1691
용비저수지,충청남도,서산시,충남 서산시,자연관광,자연경관(하천/해양),1659
기지포해수욕장,충청남도,태안군,충남 태안군,자연관광,자연경관(하천/해양),1634
천북항,충청남도,보령시,충남 보령시 홍보로 1061-40,자연관광,자연경관(하천/해양),1619
마정저수지,충청남도,천안시 서북구,충남 천안시 서북구,자연관광,자연경관(하천/해양),1595
두여해수욕장,충청남도,태안군,충남 태안군,자연관광,자연경관(하천/해양),1593
인평저수지,충청남도,태안군,충남 태안군,자연관광,자연경관(하천/해양),1548
홍성호,충청남도,홍성군,충남 홍성군,자연관광,자연경관(하천/해양),1535
대정저수지,충청남도,천안시 동남구,충남 천안시 동남구,자연관광,자연경관(하천/해양),1504
보령항,충청남도,보령시,충남 보령시,자연관광,자연경관(하천/해양),1474
계룡산국립공원신원사지구,충청남도,공주시,충남 공주시,자연관광,자연공원,1455
태안항,충청남도,태안군,충남 태안군,자연관광,자연경관(하천/해양),1422
송석항,충청남도,서천군,충남 서천군,자연관광,자연경관(하천/해양),1410
가경주항,충청남도,태안군,충남 태안군,자연관광,자연경관(하천/해양),1407
시장지,충청남도,천안시 서북구,충남 천안시 서북구 시장리1길 0-0,자연관광,자연경관(하천/해양),1399
12폭포,충청남도,금산군,충남 금산군 십이폭포로 0-0,자연관광,자연경관(산),1399
봉수산수목원,충청남도,예산군,충남 예산군 임존성길 110-16,자연관광,자연공원,1373
삼봉저수지,충청남도,당진시,충남 당진시,자연관광,자연경관(하천/해양),1341
북면계곡,충청남도,천안시 동남구,충남 천안시 동남구 오곡2길 0-0,자연관광,자연경관(산),1340
가락바위소류지,충청남도,아산시,충남 아산시,자연관광,자연경관(하천/해양),1332
대홍지,충청남도,천안시 서북구,충남 천안시 서북구,자연관광,자연경관(하천/해양),1329
만리포항,충청남도,태안군,충남 태안군,자연관광,자연경관(하천/해양),1302
송현저수지,충청남도,태안군,충남 태안군,자연관광,자연경관(하천/해양),1282
백월산,충청남도,홍성군,충남 홍성군,자연관광,자연경관(산),1255
동학사계곡,충청남도,공주시,충남 공주시,자연관광,자연경관(산),1234
축동지,충청남도,서천군,충남 서천군,자연관광,자연경관(하천/해양),1230
작천계곡,충청남도,청양군,충남 청양군,자연관광,자연경관(산),1214
도비도방파제,충청남도,당진시,충남 당진시,자연관광,자연경관(하천/해양),1174
탄개항,충청남도,태안군,충남 태안군,자연관광,자연경관(하천/해양),1165
고북지,충청남도,서산시,충남 서산시,자연관광,자연경관(하천/해양),1148
음섬포구,충청남도,당진시,충남 당진시,자연관광,자연경관(하천/해양),1146
중왕리수로,충청남도,서산시,충남 서산시,자연관광,자연경관(하천/해양),1123
영인산,충청남도,아산시,충남 아산시,자연관광,자연경관(산),1112
황포항,충청남도,태안군,충남 태안군,자연관광,자연경관(하천/해양),1108
천태저수지,충청남도,홍성군,충남 홍성군,자연관광,자연경관(하천/해양),1084
모항저수지,충청남도,태안군,충남 태안군,자연관광,자연경관(하천/해양),1076
보령호,충청남도,보령시,충남 보령시,자연관광,자연경관(하천/해양),1054
동부제철부두,충청남도,당진시,충남 당진시,자연관광,자연경관(하천/해양),1047
띠섬목해변,충청남도,서천군,충남 서천군,자연관광,자연경관(하천/해양),1041
초대저수지,충청남도,당진시,충남 당진시,자연관광,자연경관(하천/해양),1022
입장저수지,충청남도,천안시 서북구,충남 천안시 서북구,자연관광,자연경관(하천/해양),1006
신휴저수지,충청남도,아산시,충남 아산시,자연관광,자연경관(하천/해양),971
항곡저수지,충청남도,당진시,충남 당진시,자연관광,자연경관(하천/해양),964
학암포방파제,충청남도,태안군,충남 태안군,자연관광,자연경관(하천/해양),926
죽림지,충청남도,태안군,충남 태안군,자연관광,자연경관(하천/해양),913
장안해수욕장,충청남도,보령시,충남 보령시,자연관광,자연경관(하천/해양),908
덕산도립공원,충청남도,예산군,충남 예산군,자연관광,자연공원,891
마룡저수지,충청남도,서산시,충남 서산시,자연관광,자연경관(하천/해양),868
복심저수지,충청남도,부여군,충남 부여군,자연관광,자연경관(하천/해양),834
홍양저수지,충청남도,홍성군,충남 홍성군,자연관광,자연경관(하천/해양),798
몽대포방파제,충청남도,태안군,충남 태안군,자연관광,자연경관(하천/해양),796
방산지,충청남도,예산군,충남 예산군,자연관광,자연경관(하천/해양),786
우목저수지,충청남도,공주시,충남 공주시,자연관광,자연경관(하천/해양),781
온동저수지,충청남도,당진시,충남 당진시,자연관광,자연경관(하천/해양),778
삼길포방파제,충청남도,서산시,충남 서산시,자연관광,자연경관(하천/해양),761
행담도,충청남도,당진시,충남 당진시,자연관광,자연경관(하천/해양),760
방포방파제,충청남도,태안군,충남 태안군,자연관광,자연경관(하천/해양),752
광덕계곡,충청남도,천안시 동남구,충남 천안시 동남구,자연관광,자연경관(산),737
반산저수지,충청남도,부여군,충남 부여군,자연관광,자연경관(하천/해양),726
남당리방파제,충청남도,홍성군,충남 홍성군 남당항로213번길 25-62,자연관광,자연경관(하천/해양),722
해창지,충청남도,당진시,충남 당진시,자연관광,자연경관(하천/해양),721
청천저수지,충청남도,보령시,충남 보령시,자연관광,자연경관(하천/해양),715
면천저수지,충청남도,당진시,충남 당진시,자연관광,자연경관(하천/해양),708
고룡산,충청남도,아산시,충남 아산시,자연관광,자연경관(산),707
마곡사계곡,충청남도,공주시,충남 공주시 운정길 0-0,자연관광,자연경관(산),706
모항항,충청남도,태안군,충남 태안군,자연관광,자연경관(하천/해양),701
어사항,충청남도,홍성군,충남 홍성군 남당항로361번길 9-14,자연관광,자연경관(하천/해양),692
산수리계곡,충청남도,서산시,충남 서산시,자연관광,자연경관(산),690
수철저수지,충청남도,예산군,충남 예산군,자연관광,자연경관(하천/해양),682
정안저수지,충청남도,공주시,충남 공주시,자연관광,자연경관(하천/해양),681
설화산,충청남도,아산시,충남 아산시,자연관광,자연경관(산),680
중흥저수지,충청남도,공주시,충남 공주시,자연관광,자연경관(하천/해양),670
태안해안국립공원학암포지구,충청남도,태안군,충남 태안군 옥파로 1144-0,자연관광,자연공원,663
죽도,충청남도,홍성군,충남 홍성군,자연관광,자연경관(하천/해양),659
마량진항,충청남도,서천군,충남 서천군,자연관광,자연경관(하천/해양),652
구만리계곡,충청남도,금산군,충남 금산군 구만길 0-0,자연관광,자연경관(산),641
신동저수지,충청남도,당진시,충남 당진시,자연관광,자연경관(하천/해양),631
덕숭산,충청남도,예산군,충남 예산군,자연관광,자연경관(산),626
백화산,충청남도,태안군,충남 태안군,자연관광,자연경관(산),626
숭암저수지,충청남도,금산군,충남 금산군,자연관광,자연경관(하천/해양),623
삼길포해수욕장,충청남도,서산시,충남 서산시,자연관광,자연경관(하천/해양),619
기산저수지,충청남도,공주시,충남 공주시,자연관광,자연경관(하천/해양),615
보령해양경찰서전용부두,충청남도,보령시,충남 보령시 해안로 758-0,자연관광,자연경관(하천/해양),610
남창지,충청남도,천안시 서북구,충남 천안시 서북구 보명사길 0-0,자연관광,자연경관(하천/해양),605
잠홍저수지,충청남도,서산시,충남 서산시,자연관광,자연경관(하천/해양),597
화림지,충청남도,금산군,충남 금산군,자연관광,자연경관(하천/해양),589
명대계곡,충청남도,보령시,충남 보령시,자연관광,자연경관(산),572
산수저수지,충청남도,서산시,충남 서산시,자연관광,자연경관(하천/해양),557
냉천골계곡,충청남도,태안군,충남 태안군,자연관광,자연경관(산),554
공리저수지,충청남도,홍성군,충남 홍성군,자연관광,자연경관(하천/해양),549
죽도항,충청남도,보령시,충남 보령시 남포방조제로 408-83,자연관광,자연경관(하천/해양),548
고파도해수욕장,충청남도,서산시,충남 서산시,자연관광,자연경관(하천/해양),547
서대산,충청남도,금산군,충남 금산군 성당로 247-0,자연관광,자연경관(산),547
지포저수지,충청남도,태안군,충남 태안군,자연관광,자연경관(하천/해양),547
마티고개,충청남도,공주시,충남 공주시,자연관광,자연경관(산),540
장곡저수지,충청남도,태안군,충남 태안군,자연관광,자연경관(하천/해양),540
대천항방파제,충청남도,보령시,충남 보령시 대천항로 396-0,자연관광,자연경관(하천/해양),514
법산지,충청남도,태안군,충남 태안군,자연관광,자연경관(하천/해양),509
청강수계곡,충청남도,금산군,충남 금산군,자연관광,자연경관(산),507
가곡저수지,충청남도,홍성군,충남 홍성군,자연관광,자연경관(하천/해양),495
홍원방파제,충청남도,서천군,충남 서천군,자연관광,자연경관(하천/해양),489
유계저수지,충청남도,공주시,충남 공주시,자연관광,자연경관(하천/해양),466
물안지명지지-서산,충청남도,서산시,충남 서산시,자연관광,자연경관(하천/해양),466
무창포방파제,충청남도,보령시,충남 보령시,자연관광,자연경관(하천/해양),464
흥림저수지,충청남도,서천군,충남 서천군,자연관광,자연경관(하천/해양),464
전대리저수지,충청남도,당진시,충남 당진시 신평로 1245-0,자연관광,자연경관(하천/해양),458
가화저수지,충청남도,부여군,충남 부여군,자연관광,자연경관(하천/해양),453
봉서저수지,충청남도,홍성군,충남 홍성군,자연관광,자연경관(하천/해양),452
옥계저수지,충청남도,예산군,충남 예산군,자연관광,자연경관(하천/해양),447
칠갑저수지,충청남도,청양군,충남 청양군,자연관광,자연경관(하천/해양),442
심연동계곡,충청남도,보령시,충남 보령시,자연관광,자연경관(산),433
부사호,충청남도,서천군,충남 서천군,자연관광,자연경관(하천/해양),426
종천저수지,충청남도,서천군,충남 서천군,자연관광,자연경관(하천/해양),419
마량포동백나무숲자연휴양림,충청남도,서천군,충남 서천군,자연관광,자연공원,411
봉림저수지,충청남도,예산군,충남 예산군,자연관광,자연경관(하천/해양),403
홍동저수지,충청남도,홍성군,충남 홍성군,자연관광,자연경관(하천/해양),398
동암저수지,충청남도,아산시,충남 아산시,자연관광,자연경관(하천/해양),397
신대저수지,충청남도,청양군,충남 청양군,자연관광,자연경관(하천/해양),397
황골소류지,충청남도,아산시,충남 아산시,자연관광,자연경관(하천/해양),390
진죽저수지,충청남도,보령시,충남 보령시,자연관광,자연경관(하천/해양),386
병사저수지,충청남도,논산시,충남 논산시,자연관광,자연경관(하천/해양),382
천리포방파제,충청남도,태안군,충남 태안군,자연관광,자연경관(하천/해양),375
새터저수지,충청남도,아산시,충남 아산시,자연관광,자연경관(하천/해양),371
예당호출렁다리,충청남도,예산군,충남 예산군,기타관광,기타관광,100524
국립생태원,충청남도,서천군,충남 서천군 금강로 1210-0,기타관광,기타관광,64004
탑정호출렁다리,충청남도,논산시,충남 논산시,기타관광,기타관광,57837
지중해마을,충청남도,아산시,충남 아산시 탕정면로8번길 55-7,기타관광,기타관광,49476
월영산출렁다리,충청남도,금산군,충남 금산군,기타관광,기타관광,39239
태안신두리해안사구,충청남도,태안군,충남 태안군 신두해변길 201-122,기타관광,기타관광,32266
천장호출렁다리,충청남도,청양군,충남 청양군,기타관광,기타관광,27451
내포보부상촌,충청남도,예산군,충남 예산군 온천단지1로 55-1,기타관광,기타관광,20952
신성리갈대밭,충청남도,서천군,충남 서천군,기타관광,기타관광,17558
서산버드랜드,충청남도,서산시,충남 서산시 천수만로 655-73,기타관광,기타관광,10235
메타세콰이어길,충청남도,공주시,충남 공주시,기타관광,기타관광,9566
아산퍼스트빌리지공룡월드,충청남도,아산시,충남 아산시 해위안길 127-0,기타관광,기타관광,9173
적벽강,충청남도,금산군,충남 금산군,기타관광,기타관광,6297
주니어천문스쿨천안점,충청남도,천안시 동남구,충남 천안시 동남구 광풍로 250-1,기타관광,기타관광,4838
로보카폴리안전체험공원,충청남도,공주시,충남 공주시 월미동길 219-0,기타관광,기타관광,4558
네이처월드,충청남도,태안군,충남 태안군 마검포길 200-0,기타관광,기타관광,4510
성성호수공원방문자센터,충청남도,천안시 서북구,충남 천안시 서북구 성성2길 95-0,기타관광,기타관광,4356
청보리밭,충청남도,보령시,충남 보령시,기타관광,기타관광,4129
머드광장,충청남도,보령시,충남 보령시 해수욕장10길 5-0,기타관광,기타관광,4111
청양칠갑산천문대,충청남도,청양군,충남 청양군 한티고개길 178-46,기타관광,기타관광,3770
충청남도안전체험관,충청남도,천안시 동남구,충남 천안시 동남구 태조산길 267-17,기타관광,기타관광,3317
천안북면위례벚꽃길,충청남도,천안시 동남구,충남 천안시 동남구 용암3길 0-0,기타관광,기타관광,3255
보령무궁화수목원,충청남도,보령시,충남 보령시,기타관광,기타관광,3083
안면도미로공원,충청남도,태안군,충남 태안군,기타관광,기타관광,2808
주산벚꽃길,충청남도,보령시,충남 보령시,기타관광,데이트코스,2579
금산산림문화타운,충청남도,금산군,충남 금산군 느티골길 200-0,기타관광,기타관광,2458
장곡사벚꽃길,충청남도,청양군,충남 청양군,기타관광,데이트코스,2417
팔봉수로,충청남도,서산시,충남 서산시,기타관광,기타관광,2088
천수만,충청남도,서산시,충남 서산시,기타관광,기타관광,2061
월하성갯벌체험장,충청남도,서천군,충남 서천군 월하성길 96-0,기타관광,기타관광,2061
웅천역폐역,충청남도,보령시,충남 보령시 장터6길 1-0,기타관광,교통시설,1894
별주부마을,충청남도,태안군,충남 태안군,기타관광,기타관광,1852
단풍나무숲길독립기념관,충청남도,천안시 동남구,충남 천안시 동남구 삼방로 159-0,기타관광,기타관광,1802
오서산억새군락지,충청남도,홍성군,충남 홍성군,기타관광,기타관광,1670
학성리공룡섬,충청남도,보령시,충남 보령시,기타관광,기타관광,1554
안면도서부해안관광도로,충청남도,태안군,충남 태안군,기타관광,데이트코스,1520
미내다리,충청남도,논산시,충남 논산시,기타관광,기타관광,1390
유구핑크뮬리정원,충청남도,공주시,충남 공주시,기타관광,기타관광,1296
계룡산국립공원천정탐방지원센터,충청남도,공주시,충남 공주시 천장이길 18-0,기타관광,기타관광,1248
순성벚꽃길,충청남도,당진시,충남 당진시,기타관광,기타관광,1044
운여솔밭,충청남도,태안군,충남 태안군,기타관광,기타관광,968
쉰질바위,충청남도,홍성군,충남 홍성군,기타관광,기타관광,958
안흥유람선,충청남도,태안군,충남 태안군 신진부두길 109-0,기타관광,교통시설,927
용신어촌체험마을,충청남도,태안군,충남 태안군,기타관광,기타관광,915
연산역철도문화체험장,충청남도,논산시,충남 논산시 선비로275번길 31-2,기타관광,기타관광,883
서산해미천벚꽃길,충청남도,서산시,충남 서산시,기타관광,기타관광,868
안면도해안관광도로,충청남도,태안군,충남 태안군,기타관광,데이트코스,823
서산해미읍성회화나무,충청남도,서산시,충남 서산시 남문2로 143-0,기타관광,기타관광,819
광덕쉼터,충청남도,천안시 동남구,충남 천안시 동남구,기타관광,기타관광,801
굴혈포갯벌체험장,충청남도,태안군,충남 태안군,기타관광,기타관광,782
할미할아비바위,충청남도,태안군,충남 태안군,기타관광,기타관광,765
태안해안국립공원기지포탐방지원센터,충청남도,태안군,충남 태안군 해안관광로 745-19,기타관광,기타관광,749
석문국가산업단지음악분수대,충청남도,당진시,충남 당진시 석문방조제로 1621-0,기타관광,기타관광,746
코끼리바위,충청남도,서산시,충남 서산시,기타관광,기타관광,736
굿뜨래웰빙마을,충청남도,부여군,충남 부여군 가탑로 75-0,기타관광,기타관광,635
웅도바다갈라짐,충청남도,서산시,충남 서산시,기타관광,기타관광,633
서동요출렁다리,충청남도,부여군,충남 부여군,기타관광,기타관광,611
사비도성가상체험관,충청남도,부여군,충남 부여군 부소로 15-0,기타관광,기타관광,555
신례원벚꽃길,충청남도,예산군,충남 예산군,기타관광,데이트코스,536
아기자기랜드,충청남도,태안군,충남 태안군 안면대로 3175-7,기타관광,기타관광,516
구드래유람선,충청남도,부여군,충남 부여군,기타관광,교통시설,512
석문해안도로,충청남도,당진시,충남 당진시,기타관광,데이트코스,494
구경정나루,충청남도,부여군,충남 부여군,기타관광,기타관광,482
돈암서원한옥마을,충청남도,논산시,충남 논산시 임3길 2-0,기타관광,기타관광,464
가재산벚꽃길,충청남도,태안군,충남 태안군,기타관광,데이트코스,429
잠홍저수지수변공원,충청남도,서산시,충남 서산시,기타관광,기타관광,402
목소리테마파크,충청남도,금산군,충남 금산군 용천로 1020-0,기타관광,기타관광,400
금산천벚꽃길,충청남도,금산군,충남 금산군,기타관광,기타관광,390
몽산포탐방지원센터,충청남도,태안군,충남 태안군 몽산포길 54-0,기타관광,기타관광,386
은포리해안도로,충청남도,보령시,충남 보령시,기타관광,데이트코스,376
유구천,충청남도,공주시,충남 공주시,기타관광,기타관광,369
안흥나래교,충청남도,태안군,충남 태안군 안흥1길 85-0,기타관광,기타관광,367
탑정호음악분수,충청남도,논산시,충남 논산시 탑정로 773-33,기타관광,기타관광,358
합덕농촌테마공원,충청남도,당진시,충남 당진시,기타관광,기타관광,342
금강2경(신성리갈대밭)신성리지구,충청남도,서천군,충남 서천군,기타관광,기타관광,329
미나릿길벽화마을,충청남도,천안시 동남구,충남 천안시 동남구 원성천1길 17-0,기타관광,기타관광,314
천안어린이체험관,충청남도,천안시 서북구,충남 천안시 서북구 성진로 15-0,기타관광,기타관광,309
덕산메타세콰이어길,충청남도,예산군,충남 예산군,기타관광,기타관광,297
달산포스포츠휴양타운,충청남도,태안군,충남 태안군 달산포로 85-54,기타관광,기타관광,296
회뜨는선상,충청남도,서산시,충남 서산시,기타관광,기타관광,284
소황사구,충청남도,보령시,충남 보령시,기타관광,기타관광,282
당진농심테마파크,충청남도,당진시,충남 당진시 구봉로 46-0,기타관광,기타관광,278
황산벌둥지,충청남도,논산시,충남 논산시,기타관광,기타관광,262
논산관광농원,충청남도,논산시,충남 논산시 관촉로58번길 7-0,기타관광,기타관광,261
검은여,충청남도,서산시,충남 서산시,기타관광,기타관광,238
밤섬선착장,충청남도,보령시,충남 보령시 삽시도3길 0-0,기타관광,교통시설,229
금강1경(금강하구철새도래지)조류관찰대1,충청남도,서천군,충남 서천군,기타관광,기타관광,226
왕지봉배꽃,충청남도,천안시 서북구,충남 천안시 서북구,기타관광,기타관광,224
제3정문앞벚꽃길,충청남도,계룡시,충남 계룡시,기타관광,기타관광,217
판교시간이멈춘마을,충청남도,서천군,충남 서천군 종판로 0-0,기타관광,기타관광,216
안면도꽃지할매바위,충청남도,태안군,충남 태안군,기타관광,기타관광,213
당진시관광정보센터,충청남도,당진시,충남 당진시 석문방조제로 1755-0,기타관광,기타관광,206
탑정호수로,충청남도,논산시,충남 논산시,기타관광,기타관광,202
논산한옥마을,충청남도,논산시,충남 논산시 임3길 2-0,기타관광,기타관광,174
보곡산꽃단지,충청남도,금산군,충남 금산군,기타관광,기타관광,167
공산성방문자센터,충청남도,공주시,충남 공주시,기타관광,기타관광,157
가름이선착장,충청남도,태안군,충남 태안군,기타관광,교통시설,155
안면도영목항,충청남도,태안군,충남 태안군,기타관광,기타관광,154
홍성방조제,충청남도,보령시,충남 보령시,기타관광,기타관광,151
자온길,충청남도,부여군,충남 부여군 자온로 0-0,기타관광,기타관광,149
구기자타운,충청남도,청양군,충남 청양군 칠갑산로 704-21,기타관광,기타관광,136
의좋은형제마을,충청남도,예산군,충남 예산군 의좋은형제길 51-0,기타관광,기타관광,119
제3정문앞벚꽃길,충청남도,계룡시,충남 계룡시 계룡대9로 15-0,기타관광,기타관광,118
물닭섬탐방로,충청남도,태안군,충남 태안군 만리포2길 0-0,기타관광,기타관광,115
내포문화숲길홍성센터,충청남도,홍성군,충남 홍성군 충서로 1121-32,기타관광,기타관광,113
도고벽화마을,충청남도,아산시,충남 아산시 아산만로 182-0,기타관광,기타관광,111
사자산체험마을,충청남도,청양군,충남 청양군 배미길 29-0,기타관광,기타관광,106
천북마리나,충청남도,보령시,충남 보령시 나룻개길 68-0,기타관광,교통시설,103
사비궁,충청남도,부여군,충남 부여군 백제문로 455-0,기타관광,기타관광,103
안면송림,충청남도,태안군,충남 태안군,기타관광,기타관광,103
용장천,충청남도,당진시,충남 당진시,기타관광,기타관광,102
신비의바닷길,충청남도,보령시,충남 보령시,기타관광,기타관광,99
만리포출렁다리,충청남도,태안군,충남 태안군,기타관광,기타관광,95
청양나선형도로,충청남도,청양군,충남 청양군,기타관광,데이트코스,92
진고지선착장,충청남도,보령시,충남 보령시,기타관광,교통시설,91
유구벽화마을,충청남도,공주시,충남 공주시 시장길 29-4,기타관광,기타관광,86
전북폐목장청보리밭,충청남도,보령시,충남 보령시 천광로 73-11,기타관광,기타관광,85
숲길방문자센터,충청남도,당진시,충남 당진시 아미로 354-2,기타관광,기타관광,85
송정그림책마을,충청남도,부여군,충남 부여군,기타관광,기타관광,84
간월호철새탐조대,충청남도,서산시,충남 서산시,기타관광,기타관광,75
대둔산태고사등산로,충청남도,금산군,충남 금산군 청림동로 440-0,기타관광,기타관광,74
부억도,충청남도,태안군,충남 태안군 신진부두길 0-0,기타관광,기타관광,74
상신탐방지원센터,충청남도,공주시,충남 공주시 상하신길 415-0,기타관광,기타관광,71
휴휴당,충청남도,부여군,충남 부여군 반교동로 57-3,기타관광,기타관광,68
간치역폐역,충청남도,보령시,충남 보령시,기타관광,교통시설,61
쌀썩은여,충청남도,태안군,충남 태안군,기타관광,기타관광,59
지산리수로,충청남도,서산시,충남 서산시,기타관광,기타관광,57
독일마을,충청남도,당진시,충남 당진시 고대로 0-0,기타관광,기타관광,57
물버들생태탐방교,충청남도,서천군,충남 서천군 한마로 677-0,기타관광,기타관광,54
배롱나무길,충청남도,서천군,충남 서천군,기타관광,데이트코스,52
웅천천,충청남도,보령시,충남 보령시,기타관광,기타관광,50
제방질주,충청남도,당진시,충남 당진시,기타관광,데이트코스,49
금강3경(강경포구)개척지구,충청남도,논산시,충남 논산시 금백로 45-0,기타관광,기타관광,48
쌍달리체험학습장,충청남도,공주시,충남 공주시 쌍달길 160-0,기타관광,기타관광,47
임해관광도로,충청남도,홍성군,충남 홍성군,기타관광,데이트코스,47
느리실마을,충청남도,홍성군,충남 홍성군 서부서길 621-0,기타관광,기타관광,46
코끼리바위,충청남도,홍성군,충남 홍성군,기타관광,기타관광,45
무량사석등,충청남도,부여군,충남 부여군 무량로 203-0,기타관광,기타관광,43
도내나루터,충청남도,태안군,충남 태안군,기타관광,기타관광,42
홍성남당항해양수산복합공간,충청남도,홍성군,충남 홍성군,기타관광,기타관광,40
금강6경(고마나루솔밭)공주보좌안,충청남도,공주시,충남 공주시,기타관광,기타관광,39
금강6경(고마나루솔밭)웅진지구1,충청남도,공주시,충남 공주시,기타관광,기타관광,39
김좌진장군동상,충청남도,홍성군,충남 홍성군,기타관광,기타관광,34
구멍바위,충청남도,태안군,충남 태안군,기타관광,기타관광,32
금강3경(강경포구)세도지구,충청남도,논산시,충남 논산시,기타관광,기타관광,31
물레방아유원지,충청남도,청양군,충남 청양군,기타관광,기타관광,31
