관광지명,광역시/도,시/군/구,도로명주소,중분류 카테고리,소분류 카테고리,검색건수,관광지,언급량,관광지명,해시태그,가족여부,연인여부,친구여부,아이여부,휴식,교육
아산스파비스,충청남도,아산시,충남 아산시 아산온천로157번길 67-0,체험관광,웰니스관광,49046,아산스파비스,1249,아산스파비스,"#가족여행, #관광지, #스파, #아산스파비스, #아이와함께, #연인과함께, #온천, #온천여행, #워터파크, #충청권, #휴식공간, #휴식여행, #휴식하기, #휴식하기좋은곳, #휴양여행, #힐링, #힐링여행",1,1,0,1,1,0
파라다이스스파도고,충청남도,아산시,충남 아산시 도고온천로 176-1,체험관광,웰니스관광,35164,파라다이스스파도고,1055,파라다이스스파도고,"#2023_설날_온천, #가족과함께, #가족여행, #관광지, #데이트코스, #뷰티&스파, #스파, #실내수영장, #야외수영장, #연인과함께, #온천&스파, #온천여행, #이색체험, #충청권, #파라다이스스파도고, #휴식공간, #휴식여행, #힐링, #힐링&휴양여행",1,1,0,0,1,0
하늘물빛정원,충청남도,금산군,충남 금산군 검한1길 156-0,체험관광,농/산/어촌체험,22495,하늘물빛정원,738,하늘물빛정원,"#가족여행, #걷기길, #관광지, #꽃여행, #먹거리, #미식여행, #사계절, #산책길, #산책하기, #산책하기좋은곳, #야경투어, #자연&숲치유, #충청권, #캠핑&글램핑, #하늘물빛정원, #휴식공간, #휴식여행, #휴식하기, #휴식하기좋은곳, #힐링&휴양여행",1,0,0,0,1,0
팜카밀레허브농원,충청남도,태안군,충남 태안군 우운길 56-19,체험관광,농/산/어촌체험,21646,팜카밀레허브농원,515,팜카밀레허브농원,"#체험, #팜카밀레허브농원, #충청권, #이색체험, #허브, #관광지, #자연환경, #자연좋은곳, #아이와함께, #연인과함께, #남녀노소, #사진찍기좋은곳, #반려견동반여행지",0,1,0,1,0,0
아그로랜드태신목장,충청남도,예산군,충남 예산군 상몽2길 231-0,체험관광,농/산/어촌체험,20323,아그로랜드태신목장,1050,아그로랜드태신목장,"#2022_추석_당일치기_여행, #가족체험, #관광지, #낙농체험, #아그로랜드태신목장, #아이가_좋아하는_여행, #아이와함께, #이색체험, #자연환경, #체험, #체험프로그램, #충청권, #휴식여행, #휴식하기좋은곳",1,0,0,1,1,0
아름다운정원화수목,충청남도,천안시 동남구,충남 천안시 동남구 교천지산길 175-0,체험관광,농/산/어촌체험,16484,아름다운정원화수목,365,아름다운정원 화수목,#수목원#아이와함께#데이트코스#체험학습#이색체험#충청권#자연#관광지#사진찍기#사진찍기좋은곳#휴식하기좋은곳#휴식여행#휴식공간,0,0,0,1,1,0
선도리갯벌체험마을,충청남도,서천군,충남 서천군 갯벌체험로 428-13,체험관광,농/산/어촌체험,6432,선도리갯벌체험마을,196,선도리갯벌체험마을,"#가족여행, #갯벌체험, #갯벌체험마을, #관광지, #생태체험학습장, #선도리갯벌체험마을, #쌍도, #아이와함께, #자연속으로, #자연여행, #자연환경, #체험, #충청권, #휴식공간, #휴식여행, #휴식하기, #휴식하기좋은곳",1,0,0,1,1,0
스플라스워터파크,충청남도,예산군,충남 예산군 온천단지3로 45-7,체험관광,웰니스관광,6162,스플라스워터파크,1795,스플라스 리솜,#리솜스파캐슬(천천향)#충청권#가족여행#관광지#힐링#뷰티#스파#온천#힐링여행#휴양여행#힐링&휴양여행#커플데이트#연인과함께,1,1,0,0,0,0
신천탕,충청남도,아산시,충남 아산시 온천대로 1469-0,체험관광,웰니스관광,5139,신천탕,140,신천탕,#관광지 #아산여행 #신천탕 #아산데이트코스 #아산온천 #아산산책 #아산포토존,0,0,0,0,0,0
금강온천,충청남도,공주시,충남 공주시 고마나루길 51-12,체험관광,웰니스관광,3220,금강온천,2354,금강온천,"#가족여행, #관광지, #금강온천, #목욕탕, #스파, #연중무휴, #온천, #충청권, #휴식공간, #휴식여행, #휴식하기, #휴식하기좋은곳, #휴양여행, #힐링, #힐링여행",1,0,0,0,1,0
병술만어촌체험마을,충청남도,태안군,충남 태안군,체험관광,농/산/어촌체험,2560,병술만어촌체험마을,69,병술만어촌체험마을,#관광지 #병술만어촌체험마을 #태안갯벌체험 #태안어촌체험마을 #태안여행,0,0,0,0,0,0
한채당한옥체험관,충청남도,태안군,충남 태안군 송의로 695-13,체험관광,농/산/어촌체험,1777,한채당한옥체험관,57,한채당한옥체험관,#펜션#태안숙소#한옥숙소#한채당체험한옥관#한옥#숙소#추천숙박#한국관광품질인증#한국관광품질인증업소#인증숙소#우수숙소#숙박#충남추천숙소,0,0,0,0,0,0
해오름관광농원,충청남도,서천군,충남 서천군 서인로 576-0,체험관광,농/산/어촌체험,1406,해오름관광농원,108,해오름관광농원,#레포츠#충청남도캠핑장#해안산책#바다물놀이캠핑#바닷가캠핑#서천군캠핑장#바다뷰캠핑,0,0,0,0,0,0
아일랜드리솜오아식스선셋스파,충청남도,태안군,충남 태안군 꽃지해안로 204-0,체험관광,웰니스관광,1361,아일랜드리솜오아식스선셋스파,621,아일랜드리솜오아식스선셋스파,#리솜오션캐슬아쿠아월드#충청권#관광지#힐링#가족여행#힐링여행#휴양여행#온천#스파#아이와함께#가족과함께#휴식하기좋은곳#휴식공간#휴식여행,1,0,0,1,1,0
중리어촌체험마을,충청남도,서산시,충남 서산시 어름들2길 66-0,체험관광,농/산/어촌체험,1115,중리어촌체험마을,81,중리어촌체험마을,"#가족체험여행, #관광지, #레포츠체험, #마을축제, #이색체험, #전시관, #중리어촌체험마을, #체험, #충청권, #특산물, #휴식공간, #휴식여행, #휴식하기, #휴식하기좋은곳",1,0,0,0,1,0
만대어촌체험마을,충청남도,태안군,충남 태안군 원이로 2358-117,체험관광,농/산/어촌체험,1068,만대어촌체험마을,38,만대어촌체험마을,"#가족과함께, #관광지, #남녀노소, #어촌마을, #연인과함께, #이색체험, #체험, #체험프로그램, #휴식공간, #휴식여행, #휴식하기, #휴식하기좋은곳",1,1,0,0,1,0
은행마을,충청남도,보령시,충남 보령시 오서산길 150-65,체험관광,농/산/어촌체험,615,은행마을,67077,은행마을,#자연#자연환경#자연마을#자연좋은곳#자연풍경#자연여행#휴식하기좋은곳#휴식하기#휴식여행#휴식공간#나홀로여행#연인과함께#은행나무,0,1,0,0,1,0
팔봉갯벌체험장,충청남도,서산시,충남 서산시 범머리길 402-0,체험관광,농/산/어촌체험,530,팔봉갯벌체험장,43,팔봉갯벌체험장,#레포츠#충청남도캠핑장#수상레저#갯벌체험#서산시캠핑장#여름물놀이,0,0,0,0,0,0
부여기와마을,충청남도,부여군,충남 부여군 월함로 277-0,체험관광,농/산/어촌체험,373,부여기와마을,888,부여기와마을,"#가족체험여행, #관광지, #농촌마을, #농촌여행, #농촌체험, #농촌체험마을, #농촌체험여행, #부여기와마을, #아이와함께, #자연마을, #자연환경, #체험, #체험학습, #충청권, #휴식여행, #휴식하기좋은곳",1,0,0,1,1,0
웅도어촌체험마을,충청남도,서산시,충남 서산시,체험관광,농/산/어촌체험,333,웅도어촌체험마을,87,웅도어촌체험마을,#관광지#어촌체험#어촌체험마을#이색체험#가족과함께#아이와함께#힐링여행#바다내음#교육여행,1,0,0,1,0,1
공주치즈스쿨,충청남도,공주시,충남 공주시 충의로 2358-0,체험관광,농/산/어촌체험,288,공주치즈스쿨,685,공주치즈스쿨,"#공주치즈스쿨, #관광지, #사계절, #아이와함께, #이색체험, #자연좋은곳, #자연체험, #자연환경, #지역특화주전부리, #체험, #체험프로그램, #충청권, #힐링",0,0,0,1,0,0
상양관광농원,충청남도,보령시,충남 보령시 문화마을길 178-58,체험관광,농/산/어촌체험,287,상양관광농원,12,상양관광농원,"#가족과함께, #관광지, #산업관광, #산업관광지, #아이와함께, #오토캠핑장, #이색체험, #자연좋은곳, #자연환경, #체험, #캠핑장, #캠핑장소, #휴식공간, #휴식여행, #휴식하기, #휴식하기좋은곳",1,0,0,1,1,0
홍산관광농원,충청남도,부여군,충남 부여군 삽티로 465-0,체험관광,농/산/어촌체험,276,홍산관광농원,19,홍산관광농원,#레포츠#충청남도캠핑장#아이들과가볼만한곳#여름물놀이#부여군캠핑장#물놀이캠핑장,0,0,0,1,0,0
월하성어촌체험마을,충청남도,서천군,충남 서천군 월하성길 96-0,체험관광,농/산/어촌체험,232,월하성어촌체험마을,35,월하성어촌체험마을,"#가족과함께, #갯벌체험, #관광지, #바다, #바다풍경, #아이와함께, #어촌, #어촌마을, #어촌체험, #어촌체험마을, #자연환경, #자연환경, #체험, #체험프로그램, #휴식공간, #휴식여행, #휴식하기, #휴식하기좋은곳",1,0,0,1,1,0
아리랜드,충청남도,서천군,충남 서천군 합전길68번길 21-0,체험관광,농/산/어촌체험,200,아리랜드,1614,아리랜드,"#관광지, #농촌마을, #농촌체험, #아리랜드, #아이와함께, #이색체험, #자연속으로, #자연여행, #자연좋은곳, #자연체험, #자연환경, #체험, #충청권, #휴식여행, #휴식하기좋은곳",0,0,0,1,1,0
마곡온천,충청남도,공주시,충남 공주시,체험관광,웰니스관광,114,마곡온천,498,마곡온천,#자연#관광지#자연환경#자연좋은곳#자연여행#자연풍경#자연속으로#휴식하기좋은곳#휴식공간#휴식여행#휴식하기,0,0,0,0,1,0
서산관광농원,충청남도,서산시,충남 서산시,체험관광,농/산/어촌체험,68,서산관광농원,323,서산관광농원,"#가족과함께, #관광지, #산책길, #산책하기, #산책하기좋은곳, #아이와함께, #자연좋은곳, #자연환경, #체험, #휴식공간, #휴식여행, #휴식하기, #휴식하기좋은곳",1,0,0,1,1,0
칠갑산산꽃마을,충청남도,청양군,충남 청양군 까치내로 1063-1,체험관광,농/산/어촌체험,44,칠갑산산꽃마을,66,칠갑산산꽃마을,#체험#충청권#칠갑산산꽃마을#농촌체험#관광지#휴식하기좋은곳#휴식하기#휴식여행#휴식공간#농촌여행#농촌마을#가족과함께#아이와함께,1,0,0,1,1,0
서산관광농원,충청남도,서산시,충남 서산시 수석1길 32-0,체험관광,농/산/어촌체험,33,서산관광농원,323,서산관광농원,"#가족과함께, #관광지, #산책길, #산책하기, #산책하기좋은곳, #아이와함께, #자연좋은곳, #자연환경, #체험, #휴식공간, #휴식여행, #휴식하기, #휴식하기좋은곳",1,0,0,1,1,0
아산레일바이크,충청남도,공주시,충남 공주시 방자들길 81-50,레저스포츠,육상레저스포츠,25321,아산레일바이크,150,아산레일바이크,"#경험, #꿀잼_액티비티, #도고온천역, #레일바이크, #레포츠, #선장역, #아산레일바이크, #아산시, #이색체험",0,0,0,0,0,0
칠갑산휴양랜드,충청남도,아산시,충남 아산시 삼봉산길 188-0,레저스포츠,육상레저스포츠,22471,칠갑산휴양랜드,81,칠갑산휴양랜드,#관광지#청양여행#청양휴양랜드#청양펜션#청양휴양지#청양산책#청양칠갑산#청양데이트코스,0,0,0,0,0,0
덕바위눈썰매장,충청남도,아산시,충남 아산시 음봉로 312-38,레저스포츠,육상레저스포츠,10798,덕바위눈썰매장,68,덕바위눈썰매장,#레포츠#덕바위사계절썰매장#사계절눈썰매장#논산가볼만한곳#덕바위농촌체험휴양마을#논산눈썰매,0,0,0,0,0,0
태안솔향기길1코스,충청남도,보령시,충남 보령시 해수욕장10길 80-0,레저스포츠,육상레저스포츠,3290,태안솔향기길1코스,5809,태안솔향기길1코스,#걷기여행#걷기길#생태관광#생태관광지#태안#충청권#솔향기길#관광지#자연환경#자연좋은곳,0,0,0,0,0,0
태안해변길5코스,충청남도,아산시,충남 아산시 아산만로 199-3,레저스포츠,기타레저스포츠,2052,태안해변길5코스,37939,태안해변길5코스,#관광지#태안여행#뚜벅이여행#태안가볼만한곳#노을길#태안해변길5코스#충남걷기여행#충남여행#이기대섭자리#이기대해안산책로#이기대공원,0,0,0,0,0,0
서천특화시장,충청남도,서천군,충남 서천군 충절로 42-0,쇼핑,시장,83047,서천특화시장,1160,서천특화시장,#서천장#서천특화시장#충청권#전통시장#시장맛집#아이와함께#친구와함께#연인과함께#가족여행#나홀로여행#나들이#먹거리#전통시장투어,1,1,1,1,0,0
대천항수산시장,충청남도,보령시,충남 보령시 대천항로 334-0,쇼핑,시장,74576,대천항수산시장,1055,대천항수산시장,#쇼핑#보령여행#보령수산시장#보령먹거리#보령시장#보령산책#보령볼거리,0,0,0,0,0,0
안면도수산시장,충청남도,태안군,충남 태안군 장터로 104-0,쇼핑,시장,61245,안면도수산시장,2732,안면도수산시장,#쇼핑#안면도수산시장#충남여행#태안수산시장#태안가볼만한곳#충청남도수산물#태안여행#충남가볼만한곳#태안시장,0,0,0,0,0,0
천안중앙시장,충청남도,천안시 동남구,충남 천안시 동남구 사직로 7-0,쇼핑,시장,60370,천안중앙시장,8496,천안중앙시장,#천안남산중앙시장#충청권#전통시장#시장맛집#아이와함께#친구와함께#연인과함께#가족여행#나홀로여행#데이트코스#체험학습#기차여행#나들이,1,1,1,1,0,0
공주산성시장,충청남도,공주시,충남 공주시 용당길 20-0,쇼핑,시장,35713,공주산성시장,2912,공주산성시장,"#가족과함께, #공주가볼만한곳, #공주당일코스, #공주맛집, #공주산성시장, #공주시, #공주시티투어, #공주여행코스, #남녀노소, #산성시장, #쇼핑, #연인과함께, #재래시장, #전통시장, #친구와함께",1,1,1,0,0,0
서산동부전통시장,충청남도,서산시,충남 서산시 시장3길 3-0,쇼핑,시장,30777,서산동부전통시장,319,서산동부시장,#서산동부시장#충청권#전통시장#시장맛집#아이와함께#친구와함께#연인과함께#가족여행#나홀로여행#데이트코스#체험학습#나들이#힐링#먹거리,1,1,1,1,0,0
금산인삼약령시장,충청남도,금산군,충남 금산군 인삼약초로 33-0,쇼핑,시장,27383,금산인삼약령시장,85,금산인삼약령시장,"#가족여행, #금산시장, #금산인삼약령시장, #나들이, #나홀로여행, #데이트코스, #먹거리, #쇼핑, #아이와함께, #약령시장, #연인과함께, #인삼시장, #체험학습, #충청권, #친구와함께, #힐링",1,1,1,1,0,0
태안서부시장,충청남도,태안군,충남 태안군 시장1길 34-0,쇼핑,시장,19377,태안서부시장,962,태안 서부시장,#태안서부시장#충청권#전통시장#시장맛집#아이와함께#친구와함께#연인과함께#가족여행#나홀로여행#데이트코스#체험학습#기차여행#나들이#힐링여행,1,1,1,1,0,0
당진전통시장,충청남도,당진시,충남 당진시 당진시장길 99-0,쇼핑,시장,17895,당진전통시장,1841,당진전통시장,#당진장#충청권#어르신추천코스#가족여행#아이와함께#사계절#시장맛집#재래시장#전통시장#전통시장투어#체험학습#쇼핑,1,0,0,1,0,0
강경젓갈시장,충청남도,논산시,충남 논산시,쇼핑,시장,17397,강경젓갈시장,507,강경젓갈시장,"#가족여행, #강경젓갈시장, #기념품판매, #기차여행, #나들이, #나홀로여행, #쇼핑, #시장맛집, #아이와함께, #연인과함께, #재래시장, #전통시장, #전통시장투어, #젓갈시장, #충청권, #친구와함께, #특산물",1,1,1,1,0,0
온양온천시장,충청남도,아산시,충남 아산시 시장길15번길 9-0,쇼핑,시장,16660,온양온천시장,579,온양온천시장,"#가족여행, #기차여행, #나들이, #나홀로여행, #먹거리, #쇼핑, #시장맛집, #아이와함께, #연인과함께, #오일장, #온양온천시장, #전통시장, #전통시장투어, #충청권, #친구와함께",1,1,1,1,0,0
광천토굴새우젓시장,충청남도,홍성군,충남 홍성군 광천로299번길 34-0,쇼핑,시장,12795,광천토굴새우젓시장,254,광천 토굴새우젓시장,#가족여행 #광천새우젓 #광천토굴새우젓 #광천토굴새우젓시장 #기념품판매 #기차여행 #나들이 #나홀로여행#쇼핑 #아이와 함께 #연인과함께 #재래시장 #전통시장 #충청권 #친구와함께 #특산물,1,1,1,1,0,0
보령중앙시장,충청남도,보령시,충남 보령시 중앙시장2길 9-0,쇼핑,시장,11024,보령중앙시장,217,보령중앙시장,#쇼핑#보령여행#보령중앙시장#보령먹거리#보령시장#보령산책#보령볼거리,0,0,0,0,0,0
부여중앙시장,충청남도,부여군,충남 부여군 중앙로 15-0,쇼핑,시장,8050,부여중앙시장,17872,부여중앙시장,#부여중앙시장#충청권#전통시장#시장맛집#아이와함께#친구와함께#연인과함께#가족여행#나홀로여행#데이트코스#체험학습#기차여행#나들이#힐링,1,1,1,1,0,0
무창포수산물시장,충청남도,보령시,충남 보령시 열린바다2길 46-0,쇼핑,시장,6009,무창포수산물시장,231,무창포수산물시장,#무창포수산물시장#충청권#전통시장#시장맛집#아이와함께#친구와함께#연인과함께#가족여행#나홀로여행#데이트코스#체험학습#기차여행#나들이,1,1,1,1,0,0
홍성5일정기시장,충청남도,홍성군,충남 홍성군 홍성천길 242-0,쇼핑,시장,4038,홍성5일정기시장,46,홍성5일정기시장,#쇼핑#홍성시장#홍성전통시장#홍성오일장#홍성재래시장,0,0,0,0,0,0
장항전통시장,충청남도,서천군,충남 서천군 성화로 104-0,쇼핑,시장,3542,장항전통시장,671,장항전통시장,#장항장#오일장#충청권#전통시장#시장맛집#아이와함께#친구와함께#연인과함께#가족여행#체험학습#나들이#힐링#먹거리#전통시장투어#쇼핑,1,1,1,1,0,0
천안역전시장,충청남도,천안시 동남구,충남 천안시 동남구 공설시장1길 9-0,쇼핑,시장,1590,천안역전시장,1232,천안역전시장,#쇼핑#천안여행#천안역시장#천안먹거리#천안시장#천안산책#천안볼거리,0,0,0,0,0,0
예산5일장,충청남도,예산군,충남 예산군,쇼핑,시장,1313,예산5일장,431,예산5일장,#예산장#예산시장#충청권#전통시장#시장맛집#아이와함께#친구와함께#연인과함께#가족여행#나홀로여행#나들이#먹거리#전통시장투어#오일장,1,1,1,1,0,0
금산인삼국제시장,충청남도,금산군,충남 금산군 인삼약초로 45-0,쇼핑,시장,1029,금산인삼국제시장,267,금산인삼국제시장,#금산인삼국제시장#충청권#전통시장#시장맛집#아이와함께#친구와함께#연인과함께#가족여행#나홀로여행#데이트코스#체험학습#나들이#힐링#먹거리,1,1,1,1,0,0
부여5일장,충청남도,부여군,충남 부여군 성왕로161번길 0-0,쇼핑,시장,292,부여5일장,357,부여5일장,#부여장#충청권#가족여행#아이와함께#사계절#시장맛집#재래시장#전통시장#전통시장투어#체험학습#쇼핑,1,0,0,1,0,0
금산장,충청남도,금산군,충남 금산군 뒷담말1길 17-1,쇼핑,시장,74,금산장,60,금산장,"#금산장, #사계절, #쇼핑, #아이와함께, #재래시장, #전통시장, #전통시장투어",0,0,0,1,0,0
산성시장 활성화구역,충청남도,공주시,충남 공주시 국고개길 20-0,쇼핑,시장,59,산성시장 활성화구역,222,산성시장,#공주맛집#공주여행코스#공주시티투어#공주시#공주가볼만한곳#공주당일코스#공주산성시장#남녀노소#연인과함께#친구와함께#가족과함께#쇼핑,1,1,1,0,0,0
부여장,충청남도,부여군,충남 부여군 서동로 0-0,쇼핑,시장,38,부여장,96,부여장,"#가족여행, #부여장, #사계절, #쇼핑, #시장맛집, #아이와함께, #재래시장, #전통시장, #전통시장투어, #체험학습, #충청권",1,0,0,1,0,0
동학사,충청남도,공주시,충남 공주시 동학사1로 462-0,역사관광,종교성지,133741,동학사,15212,동학사,"#관광지, #교과서속여행, #기차여행, #나들이, #동학사, #사찰&산사, #아이와함께, #역사, #자연좋은곳, #전통&역사문화체험, #체험학습, #충청권, #친구와함께, #힐링",0,0,1,1,0,0
해미읍성,충청남도,서산시,충남 서산시 남문2로 143-0,역사관광,역사유적지,118347,해미읍성,7618,해미읍성,"#2021대한민국안심여행캠페인, #2022대한민국안심여행캠페인, #23_24한국관광100선, #가족여행, #관광지, #교과서속여행, #방역우수관광지, #서산해미읍성, #숙박대전_가볼만한곳, #숙박대전_추천기사, #아이와함께, #안심관광지, #안심충청권여행, #야간관광100선, #역사공부, #역사관광지, #역사를품은곳, #역사문화재, #역사속으로, #역사유적지, #역사탐험",1,0,0,1,0,0
수덕사,충청남도,예산군,충남 예산군 수덕사안길 79-0,역사관광,종교성지,103187,수덕사,7360,수덕사,"#23_24한국관광100선, #관광지, #교과서속여행, #기차여행, #나들이, #사찰&산사, #수덕사, #아이와함께, #역사, #자연좋은곳, #전통&역사문화체험, #절, #체험학습, #충청권, #친구와함께, #한국관광100선, #힐링, #힐링여행",0,0,1,1,0,0
마곡사,충청남도,공주시,충남 공주시 마곡사로 966-0,역사관광,종교성지,75345,마곡사,6548,마곡사,"#관광지, #교과서속여행, #기차여행, #나들이, #마곡사, #사찰&산사, #아이와함께, #역사, #유네스코세계문화유산, #자연좋은곳, #전통&역사문화체험, #체험학습, #충청권, #친구와함께, #힐링",0,0,1,1,0,0
공산성,충청남도,공주시,충남 공주시 웅진로 280-0,역사관광,역사유적지,68718,공산성,12573,공산성,"#2021대한민국안심여행캠페인, #21_22한국관광100선, #23_24한국관광100선, #가족여행, #공주공산성, #관광지, #교과서속여행, #방역우수관광지, #아이와함께, #안심관광지, #안심충청권여행, #역사, #역사공부, #역사관광지, #역사를품은곳, #역사문화재, #역사속, #역사속으로, #역사여행, #역사유적, #역사유적지, #역사유적지, #역사이야기, #역사탐험",1,0,0,1,0,0
궁남지,충청남도,부여군,충남 부여군 궁남로 52-0,역사관광,역사유적지,63291,궁남지,7158,궁남지,"#19_20한국관광100선, #21_22한국관광100선, #23_24한국관광100선, #가족여행, #관광지, #궁남지, #백제문화, #백제여행, #부여궁남지, #부여백제유적지, #서동공원, #서동공원과궁남지, #아이와함께, #야간관광100선, #연꽃, #연인과함께, #자연, #전통&역사문화체험, #충청권, #친구와함께, #한국관광100선",1,1,1,1,0,0
현충사,충청남도,아산시,충남 아산시 현충사길 48-0,역사관광,역사유적지,56620,현충사,5591,현충사,"#2022대한민국안심여행캠페인, #가족여행, #관광지, #교과서속여행, #아이와함께, #역사, #역사공부, #역사를품은곳, #역사속으로, #역사유적지, #역사탐험, #연인과함께, #자연좋은곳, #전통&역사문화체험, #지자체추천안심관광지, #친구와함께, #현충사",1,1,1,1,0,0
외암리민속마을,충청남도,아산시,충남 아산시 외암민속길 42-7,역사관광,역사유적지,53206,외암리민속마을,765,외암리민속마을,#아산외암민속마을#가족여행#연인과함께#친구와함께#아이와함께#가족체험여행#교과서속여행#체험학습#한옥&전통가옥#역사#관광지#휴식하기좋은곳,1,1,1,1,1,0
개심사,충청남도,서산시,충남 서산시 개심사로 321-86,역사관광,종교성지,44298,개심사,4323,개심사,"#가족여행, #개심사, #관광지, #불교, #불교문화, #사찰여행, #서산개심사, #역사, #자연환경, #전통사찰, #전통사찰, #종교, #충남사찰, #충청권, #한국불교, #휴식공간, #휴식여행, #휴식하기, #휴식하기좋은곳, #힐링여행",1,0,0,0,1,0
간월암,충청남도,서산시,충남 서산시 간월도1길 119-29,역사관광,종교성지,41428,간월암,3484,간월암,"#간월암, #관광지, #사찰, #역사, #자연, #충청권",0,0,0,0,0,0
서산유기방가옥,충청남도,서산시,충남 서산시 이문안길 72-10,역사관광,역사유적지,36254,서산유기방가옥,2909,서산유기방가옥,"#관광지, #역사, #역사공부, #역사관광지, #역사를품은곳, #역사문화재, #역사속, #역사속으로, #역사유적지, #역사탐방, #역사탐험, #유기방가옥, #전통&역사문화체험, #체험학습, #충청권, #충청남도민속문화재",0,0,0,0,0,0
갑사,충청남도,공주시,충남 공주시 갑사로 567-3,역사관광,종교성지,35471,갑사,6809,갑사,"#2020비대면관광지_가을편, #관광지, #불교, #불교사찰, #사찰, #사찰여행, #역사, #자연속으로, #자연좋은곳, #자연환경, #종교, #한국불교, #휴식공간, #휴식여행, #휴식하기, #휴식하기좋은곳",0,0,0,0,1,0
각원사,충청남도,천안시 동남구,충남 천안시 동남구 각원사길 245-0,역사관광,종교성지,29790,각원사,2395,각원사,"#각원사, #관광지, #교과서속여행, #기차여행, #나들이, #사찰&산사, #아이와함께, #역사, #자연좋은곳, #전통&역사문화체험, #체험학습, #충청권, #친구와함께, #힐링",0,0,1,1,0,0
안면암,충청남도,태안군,충남 태안군 여수해길 198-160,역사관광,종교성지,23996,안면암,1294,안면암,"#가볼래-터, #가족여행, #관광지, #바다, #불교문화, #불교사찰, #사찰, #안면암, #여행구독, #역사, #자연, #자연환경, #종교, #충청권, #태안가볼만한곳, #한국불교, #휴식하기좋은곳",1,0,0,0,1,0
무령왕릉,충청남도,공주시,충남 공주시 왕릉로 37-0,역사관광,역사유적지,23498,무령왕릉,6040,무령왕릉,#2022대한민국안심여행캠페인 #21_22한국관광100선 #23_24한국관광100선 #관광지 #교과서속여행 #무령왕릉 #백제역사 #송산리고분군 #송산리고분군과무령왕릉#아이와함께 #역사 #역사를품은곳 #역사문화 #역사속으로 #역사여행 #역사유적지 #역사이야기 #역사체험 #역사탐험 #유네스코 #유네스코세계유산 #지자체추천안심관광지 #충청권 #한국관광100선,0,0,0,1,0,0
공주한옥마을,충청남도,공주시,충남 공주시 관광단지길 12-0,역사관광,역사유적지,22091,공주한옥마을,5662,공주한옥마을,"#가족여행에좋은, #개별독채가있는, #게스트하우스공주한옥마을, #공주숙소, #공주추천숙소, #공주한옥마을, #공주한옥마을게스트하우스, #바비큐장이있는, #숙박, #숙소, #우수숙소, #인증숙소, #인테리어가인상적인, #전통시장주변품질인증숙소, #전통체험, #주요관광명소와가까운, #추천숙박, #충남추천숙소, #충남품질인증숙소, #충청도품질인증숙소",1,0,0,0,0,0
솔뫼성지,충청남도,당진시,충남 당진시 솔뫼로 132-0,역사관광,역사유적지,18992,솔뫼성지,1567,솔뫼성지,"#2022대한민국안심여행캠페인, #가족여행, #관광지, #근대문화유산, #문화관광해설사, #솔뫼성지, #아이와함께, #역사, #연인과함께, #인생샷, #자연좋은곳, #지자체추천안심관광지, #체험학습, #친구와함께",1,1,1,1,0,0
광덕사,충청남도,천안시 동남구,충남 천안시 동남구 광덕사길 30-0,역사관광,종교성지,18350,광덕사,1480,광덕사,"#관광지, #광덕사, #불교, #불교문화, #사찰, #사찰여행, #역사, #역사유적지, #연중무휴, #자연환경, #전통사찰, #종교, #충청권, #한국불교, #휴식하기좋은곳",0,0,0,0,1,0
신원사,충청남도,공주시,충남 공주시 신원사동길 1-0,역사관광,종교성지,16869,신원사,1563,신원사,"#관광지, #불교, #불교사찰, #사찰, #사찰여행, #역사, #자연속으로, #자연좋은곳, #자연환경, #종교, #한국불교, #휴식공간, #휴식여행, #휴식하기, #휴식하기좋은곳",0,0,0,0,1,0
낙화암,충청남도,부여군,충남 부여군,역사관광,역사유적지,15783,낙화암,3457,낙화암,"#19_20한국관광100선, #경치좋은곳, #관광지, #낙화암, #백마강, #부여가볼만한곳, #부여백제유적지, #역사, #역사를품은곳, #역사속으로, #역사이야기, #역사탐험, #자연발생, #자연좋은곳, #자연환경, #충남, #충청권, #한국관광100선",0,0,0,0,0,0
관촉사,충청남도,논산시,충남 논산시 관촉로1번길 25-0,역사관광,종교성지,13976,관촉사,1639,관촉사,"#가족여행, #관광지, #관촉사, #교과서속여행, #불교, #불교문화, #불교사찰, #사찰, #사찰&산사, #사찰여행, #아이와함께, #역사, #역사유적지, #자연좋은곳, #전통&역사문화체험, #친구와함께, #한국불교",1,0,1,1,0,0
문수사,충청남도,서산시,충남 서산시 문수골길 201-0,역사관광,종교성지,13530,문수사,3283,문수사,"#관광지, #불교, #불교문화, #사찰, #사찰여행, #역사, #자연속으로, #자연환경, #전통사찰, #종교, #한국불교, #휴식공간, #휴식여행, #휴식하기, #휴식하기좋은곳",0,0,0,0,1,0
추사고택,충청남도,예산군,충남 예산군,역사관광,역사유적지,12017,추사고택,1434,추사고택,"#가족여행, #가족체험여행, #관광지, #아이와함께, #역사, #전시관, #전통&역사문화체험, #전통가옥, #체험학습, #추사고택, #충청권, #친구와함께, #한옥",1,0,1,1,0,0
장곡사,충청남도,청양군,충남 청양군 장곡길 241-0,역사관광,종교성지,10444,장곡사,1024,장곡사,"#관광지, #불교, #불교사찰, #사찰, #사찰여행, #역사, #자연좋은곳, #자연환경, #장곡사, #종교, #충청권, #한국불교, #휴식공간, #휴식여행, #휴식하기, #휴식하기좋은곳",0,0,0,0,1,0
서산마애여래삼존상,충청남도,서산시,충남 서산시 마애삼존불길 65-13,역사관광,역사유적지,9269,서산마애여래삼존상,674,서산마애여래삼존상,#역사#서산용현리마애여래삼존상#연중무휴#국보#충청권#관광지#역사관광지#역사문화재#역사공부#역사속#역사여행#역사유적#역사속으로,0,0,0,0,0,0
마량리동백나무숲,충청남도,서천군,충남 서천군 서인로235번길 103-0,역사관광,역사유적지,8761,마량리동백나무숲,689,마량리동백나무숲,"#가족여행, #관광지, #봄꽃여행, #사진찍기좋은곳, #서천마량리동백나무숲, #아이와함께, #연인과함께, #자연, #자연좋은곳, #친구와함께, #친환경여행, #휴양여행, #힐링",1,1,1,1,0,0
정림사지5층석탑,충청남도,부여군,충남 부여군,역사관광,역사유물,8339,정림사지5층석탑,1431,정림사지5층석탑,#부여정림사지#부여정림사지오층석탑#가족여행#아이와함께#가족체험여행#교과서속여행#전통&역사문화체험#체험학습#역사유적지#역사#관광지,1,0,0,1,0,0
부소산성,충청남도,부여군,충남 부여군 부소로 31-0,역사관광,역사유적지,7831,부소산성,3112,부소산성,"#15_16한국관광100선, #19_20한국관광100선, #21_22한국관광100선, #23_24한국관광100선, #가족여행, #관광지, #관북리유적과부소산성, #교과서속여행, #백제문화, #백제여행, #부여백제유적지, #부여부소산성, #아이와함께, #역사, #역사유적지, #연인과함께, #유네스코세계문화유산, #자연좋은곳, #전통&역사문화체험, #충남, #충청권, #친구와함께",1,1,1,1,0,0
부석사,충청남도,서산시,충남 서산시 부석사길 243-0,역사관광,종교성지,7349,부석사,9804,부석사,"#15_16한국관광100선, #19_20한국관광100선, #21_22한국관광100선, #가족여행, #경북, #경상권, #경상권, #관광지, #부석사(영주), #불교문화, #사찰, #사찰여행, #산사, #역사유적지, #유네스코세계문화유산, #자연속으로, #전통사찰, #한국관광100선, #한국불교, #휴식여행, #휴식하기좋은곳",1,0,0,0,1,0
부소산성,충청남도,부여군,충남 부여군 부소로 1-25,역사관광,역사유적지,7173,부소산성,3112,부소산성,"#15_16한국관광100선, #19_20한국관광100선, #21_22한국관광100선, #23_24한국관광100선, #가족여행, #관광지, #관북리유적과부소산성, #교과서속여행, #백제문화, #백제여행, #부여백제유적지, #부여부소산성, #아이와함께, #역사, #역사유적지, #연인과함께, #유네스코세계문화유산, #자연좋은곳, #전통&역사문화체험, #충남, #충청권, #친구와함께",1,1,1,1,0,0
동백정,충청남도,서천군,충남 서천군 서인로235번길 103-0,역사관광,역사유적지,7037,동백정,669,동백정,"#가족여행, #경치좋은곳, #관광지, #동백정, #명소, #바다경치, #자연마을, #자연속으로, #자연환경, #충청권, #휴식공간, #휴식여행, #휴식하기, #휴식하기좋은곳",1,0,0,0,1,0
무량사,충청남도,부여군,충남 부여군 무량로 203-0,역사관광,종교성지,6834,무량사,1773,무량사,"#관광지, #부여무량사, #불교, #불교문화, #불교사찰, #사찰, #사찰여행, #역사, #전통사찰, #종교, #충청권, #한국불교, #휴식공간, #휴식여행, #휴식하기좋은곳",0,0,0,0,1,0
봉곡사,충청남도,아산시,충남 아산시 도송로632번길 138-0,역사관광,종교성지,6665,봉곡사,460,봉곡사,"#고찰, #관광지, #봉곡사, #불교, #불교문화, #불교사찰, #사찰, #사찰여행, #역사, #자연좋은곳, #자연환경, #충청권, #한국불교, #휴식공간, #휴식여행, #휴식하기, #휴식하기좋은곳",0,0,0,0,1,0
충청수영성,충청남도,보령시,충남 보령시,역사관광,역사유적지,5863,충청수영성,1053,충청수영성,#보령충청수영성#가족여행#연인과함께#친구와함께#아이와함께#교과서속여행#역사유적지#전통&역사문화체험#한옥&전통가옥#자연좋은곳#전망좋은곳,1,1,1,1,0,0
조양문,충청남도,홍성군,충남 홍성군,역사관광,역사유적지,5247,조양문,352,조양문,"#관광지, #역사, #역사공부, #역사관광지, #역사를품은곳, #역사문화재, #역사속, #역사속으로, #역사여행, #역사유적, #역사유적지, #역사이야기, #역사탐방, #역사탐험",0,0,0,0,0,0
흑성산성,충청남도,천안시 동남구,충남 천안시 동남구,역사관광,역사유적지,5210,흑성산성,212,흑성산성,"#관광지, #역사, #역사공부, #역사관광, #역사관광지, #역사를품은곳, #역사문화, #역사문화재, #역사속, #역사속으로, #역사여행, #역사유적, #역사이야기, #역사탐험",0,0,0,0,0,0
칠백의총,충청남도,금산군,충남 금산군 의총길 50-0,역사관광,역사유적지,5138,칠백의총,368,칠백의총,#금산칠백의총#가족여행#아이와함께#친구와함께#연인과함께#교과서속여행#역사유적지#전통&역사문화체험#자연좋은곳#전망좋은곳#역사#관광지,1,1,1,1,0,0
면천읍성,충청남도,당진시,충남 당진시 군자길 3-0,역사관광,역사유적지,5083,면천읍성,900,면천읍성,#역사#면천읍성#충청남도기념물#충청권#관광지#역사관광지#역사문화재#역사공부#역사속#역사여행#역사유적#역사속으로#역사탐험#역사이야기,0,0,0,0,0,0
쌍계사,충청남도,논산시,충남 논산시 중산길 192-0,역사관광,종교성지,4882,쌍계사,9033,쌍계사,"#경상권, #관광지, #불교, #불교사찰, #사찰, #산사, #쌍계사, #역사, #역사유적지, #자연속으로, #자연환경, #한국불교, #휴식공간, #휴식여행, #휴식하기, #휴식하기좋은곳",0,0,0,0,1,0
논산명재고택,충청남도,논산시,충남 논산시 노성산성길 50-0,역사관광,역사유적지,3876,논산명재고택,734,논산명재고택,"#고택, #관광지, #교과서속여행, #논산명재고택, #문화재, #역사, #역사공부, #역사관광지, #역사를품은곳, #역사문화재, #역사속, #역사속으로, #역사이야기, #역사탐방, #역사탐험, #충청권",0,0,0,0,0,0
충의사,충청남도,예산군,충남 예산군 덕산온천로 183-5,역사관광,역사유적지,3851,충의사,892,충의사,"#가족여행, #관광지, #기념관, #아이와함께, #애국심, #애국정신, #애국지사, #역사, #역사유적지, #연인과함께, #예산윤봉길의사유적, #전통&역사문화체험, #충의사, #충청권, #친구와함께",1,1,1,1,0,0
보석사,충청남도,금산군,충남 금산군 보석사1길 30-0,역사관광,종교성지,3762,보석사,541,보석사,"#관광지, #금산보석사, #금산보석사목조석가여래삼존좌상, #금산보석사은행나무, #보석사대웅전, #불교, #불교사찰, #사찰, #사찰여행, #역사, #충청권, #한국불교, #휴식공간, #휴식여행, #휴식하기, #휴식하기좋은곳",0,0,0,0,1,0
성불사,충청남도,천안시 동남구,충남 천안시 동남구 성불사길 144-0,역사관광,종교성지,3727,성불사,2378,성불사,"#관광지, #불교, #불교사찰, #사찰, #사찰여행, #역사, #자연속으로, #자연좋은곳, #자연환경, #한국불교, #휴식공간, #휴식여행, #휴식하기, #휴식하기좋은곳",0,0,0,0,1,0
유관순열사생가,충청남도,천안시 동남구,충남 천안시 동남구 유관순생가길 18-2,역사관광,역사유적지,3653,유관순열사생가,528,유관순열사생가,#관광지#천안여행#천안역사여행#천안데이트코스#유관순열사#천안산책#천안포토존,0,0,0,0,0,0
돈암서원,충청남도,논산시,충남 논산시 임3길 26-14,역사관광,역사유적지,3530,돈암서원,1282,돈암서원,"#2021대한민국안심여행캠페인, #관광지, #돈암서원, #방역우수관광지, #사적, #안심관광지, #안심충청권여행, #역사, #역사공부, #역사관광지, #역사를품은곳, #역사문화재, #역사속, #역사속으로, #역사여행, #역사유적, #역사유적지, #역사이야기, #역사탐방, #역사탐험, #유네스코_세계문화유산_한국의_서원, #충청권",0,0,0,0,0,0
김좌진장군생가지,충청남도,홍성군,충남 홍성군 백야로546번길 12-0,역사관광,역사유적지,3082,김좌진장군생가지,148,김좌진장군생가지,"#2021대한민국안심여행캠페인, #관광지, #기념물, #김좌진장군생가지, #방역우수관광지, #안심관광지, #안심충청권여행, #역사, #역사공부, #역사관광지, #역사를품은곳, #역사문화재, #역사속, #역사속으로, #역사여행, #역사유적, #역사유적지, #역사이야기, #역사탐방, #역사탐험, #충청권",0,0,0,0,0,0
수리치골성지,충청남도,공주시,충남 공주시 용수봉갑길 544-0,역사관광,역사유적지,2880,수리치골성지,110,수리치골성지,#역사#관광지#종교#역사관광지#역사공부#역사속#역사탐방#역사여행#역사속으로#역사탐험#역사이야기#역사를품은곳#천주교#천주교인#천주교회,0,0,0,0,0,0
부여왕릉원,충청남도,부여군,충남 부여군,역사관광,역사유적지,2839,부여왕릉원,926,부여왕릉원,#역사#부여능산리고분군#가족여행#충청권#유네스코세계유산#사적#연중무휴#역사관광지#관광지#역사문화재#역사공부#역사속#역사탐방#역사여행,1,0,0,0,0,0
개태사,충청남도,논산시,충남 논산시 계백로 2614-11,역사관광,역사유적지,2617,개태사,552,개태사,"#개태사, #관광지, #불교, #불교문화, #사찰여행, #석조삼존불입상, #역사, #역사유적지, #자연환경, #전통사찰, #종교, #충청권, #한국불교, #휴식하기좋은곳",0,0,0,0,1,0
향천사,충청남도,예산군,충남 예산군 향천사로 117-20,역사관광,종교성지,2617,향천사,257,향천사,"#관광지, #불교, #불교문화, #사찰, #사찰여행, #역사, #자연좋은곳, #자연환경, #전통사찰, #종교, #한국불교, #휴식공간, #휴식하기, #휴식하기좋은곳",0,0,0,0,1,0
부소산성,충청남도,부여군,충남 부여군 부소로 0-0,역사관광,역사유적지,2615,부소산성,3112,부소산성,"#15_16한국관광100선, #19_20한국관광100선, #21_22한국관광100선, #23_24한국관광100선, #가족여행, #관광지, #관북리유적과부소산성, #교과서속여행, #백제문화, #백제여행, #부여백제유적지, #부여부소산성, #아이와함께, #역사, #역사유적지, #연인과함께, #유네스코세계문화유산, #자연좋은곳, #전통&역사문화체험, #충남, #충청권, #친구와함께",1,1,1,1,0,0
공주공산성연지,충청남도,공주시,충남 공주시,역사관광,역사유적지,2548,공주공산성연지,334,공주공산성연지,#공주공산성#가족여행#연인과함께#친구와함께#아이와함께#교과서속여행#역사유적지#자연좋은곳#유네스코세계문화유산#역사#충청권#전통&역사문화,1,1,1,1,0,0
문헌서원,충청남도,서천군,충남 서천군 서원로172번길 66-0,역사관광,역사유적지,2285,문헌서원,2422,문헌서원,"#가족여행, #관광지, #문헌서원, #문화관광해설사, #역사, #역사공부, #역사관광지, #역사를품은곳, #역사문화, #역사속으로, #역사유적, #역사탐험, #충청권, #충청남도문화재자료",1,0,0,0,0,0
무상사,충청남도,계룡시,충남 계룡시 향적산길 129-0,역사관광,종교성지,2280,무상사,1523,무상사,"#관광지, #불교, #불교문화, #사찰, #사찰여행, #역사, #자연속으로, #자연여행, #자연좋은곳, #자연환경, #전통사찰, #한국불교, #휴식공간, #휴식여행, #휴식하기, #휴식하기좋은곳",0,0,0,0,1,0
홍주읍성,충청남도,홍성군,충남 홍성군,역사관광,역사유적지,2267,홍주읍성,763,홍주읍성,#역사#역사관광지#관광지#역사문화재#역사공부#역사속#역사탐방#역사여행#역사유적#역사유적지#역사속으로#역사탐험#역사이야기#역사를품은곳,0,0,0,0,0,0
학림사,충청남도,공주시,충남 공주시 제석골길 67-0,역사관광,종교성지,2171,학림사,481,학림사,"#관광지, #불교, #불교문화, #사찰, #사찰여행, #역사, #자연환경, #전통사찰, #종교, #충청권, #템플스테이, #학림사, #한국불교, #휴식공간, #휴식여행, #휴식하기, #휴식하기좋은곳",0,0,0,0,1,0
홍주의사총,충청남도,홍성군,충남 홍성군,역사관광,역사유적지,2116,홍주의사총,127,홍주의사총,#역사#역사관광지#관광지#역사문화재#역사공부#역사속#역사탐방#역사여행#역사유적#역사유적지#역사속으로#역사탐험#역사이야기#역사를품은곳,0,0,0,0,0,0
지장정사,충청남도,논산시,충남 논산시 화곡안길 103-0,역사관광,종교성지,2115,지장정사,1027,지장정사,"#관광지, #불교, #불교문화, #사찰, #사찰여행, #역사, #자연좋은곳, #자연환경, #전통사찰, #종교, #한국불교, #휴식공간, #휴식여행, #휴식하기, #휴식하기좋은곳",0,0,0,0,1,0
한용운선생생가지,충청남도,홍성군,충남 홍성군 만해로318번길 83-0,역사관광,역사유적지,2045,한용운선생생가지,106,한용운선생생가지,#만해한용운선생생가지#가족여행#연인과함께#친구와함께#아이와함께#교과서속여행#체험학습#한옥&전통가옥#역사#관광지#역사관광지#역사문화재,1,1,1,1,0,0
공주중동성당,충청남도,공주시,충남 공주시 성당길 6-0,역사관광,역사유적지,2044,공주중동성당,572,공주중동성당,#관광지#역사관광지#역사문화재#역사공부#역사속#역사탐방#역사여행#역사유적#역사속으로#역사탐험#역사이야기,0,0,0,0,0,0
견훤왕릉,충청남도,논산시,충남 논산시,역사관광,역사유적지,1894,견훤왕릉,459,견훤왕릉,#역사#전견훤묘#견훤왕릉#충청권#충청남도기념물#역사유적지#관광지#역사관광지#역사문화재#역사공부#역사속#역사탐방#역사유적#역사속으로,0,0,0,0,0,0
구룡사,충청남도,천안시 동남구,충남 천안시 동남구 백자1길 72-113,역사관광,종교성지,1781,구룡사,3449,구룡사,"#가족여행, #강원권, #관광지, #구룡사, #기차여행, #나들이, #당일치기여행, #문화관광해설사, #불교, #불교사찰, #사찰&산사, #서울근교여행, #아이와함께, #역사, #자연좋은곳, #전통&역사문화체험, #체험학습, #치악산국립공원, #친구와함께, #템플스테이, #힐링",1,0,1,1,0,0
남연군묘,충청남도,예산군,충남 예산군,역사관광,역사유적지,1712,남연군묘,805,남연군묘,#역사#역사관광지#역사문화재#역사공부#역사속#역사여행#역사유적#역사속으로#역사이야기#역사탐험#역사를품은곳#관광지#역사탐방,0,0,0,0,0,0
아산윤보선대통령생가,충청남도,아산시,충남 아산시 해위길52번길 29-0,역사관광,역사유적지,1701,아산윤보선대통령생가,43,아산윤보선대통령생가,#역사#관광지#역사관광지#역사문화재#역사공부#역사속#역사탐방#역사여행#역사유적#역사유적지#역사속으로#역사이야기#역사탐험#역사를품은곳,0,0,0,0,0,0
구룡사,충청남도,공주시,충남 공주시 용봉입동로 846-40,역사관광,종교성지,1699,구룡사,3449,구룡사,"#가족여행, #강원권, #관광지, #구룡사, #기차여행, #나들이, #당일치기여행, #문화관광해설사, #불교, #불교사찰, #사찰&산사, #서울근교여행, #아이와함께, #역사, #자연좋은곳, #전통&역사문화체험, #체험학습, #치악산국립공원, #친구와함께, #템플스테이, #힐링",1,0,1,1,0,0
성주사지,충청남도,보령시,충남 보령시,역사관광,역사유적지,1698,성주사지,1240,성주사지,#역사#보령성주사지#충청권#사적#역사관광지#관광지#역사문화재#역사공부#역사속#역사여행#역사유적#역사유적지#역사속으로#역사탐험#역사이야기,0,0,0,0,0,0
계백장군유적지,충청남도,논산시,충남 논산시,역사관광,역사유적지,1638,계백장군유적지,360,계백장군유적지,#계백장군유적지#충청권#역사유적지#아이와함께#역사#관광지#역사관광지#역사문화재#역사공부#역사속#역사탐방#역사여행#역사유적#역사속으로,0,0,0,1,0,0
서산보원사지,충청남도,서산시,충남 서산시,역사관광,역사유적지,1603,서산보원사지,505,서산보원사지,#역사#충청권#사적#보원사지#역사유적지#관광지#역사문화재#역사속#역사탐방#역사여행#역사유적#역사속으로#역사탐험#역사이야기#역사를품은곳,0,0,0,0,0,0
모덕사,충청남도,청양군,충남 청양군,역사관광,역사유적지,1557,모덕사,208,모덕사,"#관광지, #역사, #역사공부, #역사관광지, #역사를품은곳, #역사문화재, #역사속, #역사속으로, #역사여행, #역사유적, #역사유적지, #역사이야기, #역사탐방, #역사탐험",0,0,0,0,0,0
영랑사,충청남도,당진시,충남 당진시 진관로 142-52,역사관광,종교성지,1551,영랑사,98,영랑사,"#관광지, #불교, #불교문화, #사찰, #사찰여행, #역사, #자연속으로, #자연환경, #전통사찰, #한국불교, #휴식공간, #휴식여행, #휴식하기, #휴식하기좋은곳",0,0,0,0,1,0
고란사,충청남도,부여군,충남 부여군 부소로 1-25,역사관광,종교성지,1485,고란사,1656,고란사,"#고란사, #고란약수, #관광지, #불교, #불교문화, #사찰여행, #역사, #자연환경, #전통사찰, #종교, #충청권, #충청남도문화재자료, #휴식하기좋은곳",0,0,0,0,1,0
계룡산도예촌,충청남도,공주시,충남 공주시 도예촌길 71-24,역사관광,역사유적지,1388,계룡산도예촌,125,계룡산도예촌,"#가족체험, #계룡산도예촌, #관광지, #도자기만들기체험, #도자기체험, #아이와함께, #역사, #연인과함께, #전통체험, #충청권, #커플데이트, #휴식여행, #휴식하기좋은곳",1,1,0,1,1,0
성곡사,충청남도,공주시,충남 공주시 성곡길 371-0,역사관광,종교성지,1383,성곡사,47,성곡사,"#가족여행, #관광지, #교과서속여행, #불교, #불교사찰, #사찰, #사찰&산사, #사찰여행, #성곡사, #아이와함께, #역사, #역사유적지, #전통&역사문화체험, #친구와함께, #한국불교",1,0,1,1,0,0
서광사,충청남도,서산시,충남 서산시 부춘산1로 44-0,역사관광,종교성지,1339,서광사,774,서광사,"#관광지, #불교, #불교문화, #사찰, #사찰여행, #역사, #자연속으로, #자연환경, #전통사찰, #종교, #한국불교, #휴식공간, #휴식여행, #휴식하기, #휴식하기좋은곳",0,0,0,0,1,0
개심사대웅전,충청남도,서산시,충남 서산시 개심사로 321-86,역사관광,역사유적지,1291,개심사대웅전,536,개심사대웅전,#역사#개심사#충청권#가족여행#전통사찰#사찰여행#전통사찰#불교#불교문화#한국불교#종교#자연환경#휴식하기좋은곳#관광지#휴식공간,1,0,0,0,1,0
승천사,충청남도,천안시 동남구,충남 천안시 동남구 약수로 46-0,역사관광,종교성지,1200,승천사,268,승천사,#관광지#천안여행#승천약수#천안데이트코스#천안사찰#천안산책#천안절,0,0,0,0,0,0
가림성,충청남도,부여군,충남 부여군 성흥로97번길 167-0,역사관광,역사유적지,1182,가림성,518,가림성,"#SNS감성사진, #가림성, #관광지, #사랑나무, #사진찍기, #사진찍기좋은곳, #사진촬영, #사진촬영명소, #산책하기, #산책하기좋은곳, #성흥산사랑나무, #성흥산성, #역사, #역사공부, #역사관광지, #역사를품은곳, #역사문화재, #역사속, #역사속으로, #역사유적, #역사유적지, #역사이야기, #역사탐험, #일출일몰명소",0,0,0,0,0,0
안흥성,충청남도,태안군,충남 태안군,역사관광,역사유적지,1162,안흥성,190,안흥성,"#관광지, #역사, #역사공부, #역사관광지, #역사를품은곳, #역사문화재, #역사속, #역사속으로, #역사여행, #역사유적, #역사유적지, #역사이야기, #역사탐험",0,0,0,0,0,0
안심사,충청남도,청양군,충남 청양군 상갑1길 130-23,역사관광,종교성지,1157,안심사,402,안심사,"#관광지, #교과서속여행, #아이와함께, #안심사, #역사, #역사공부, #역사관광지, #역사를품은곳, #역사문화재, #역사속, #역사속으로, #역사유적, #역사유적지, #역사탐험, #유적지, #충청권",0,0,0,1,0,0
흥주사,충청남도,태안군,충남 태안군 속말1길 61-61,역사관광,종교성지,1108,흥주사,142,흥주사,"#관광지, #불교, #불교문화, #사찰, #사찰여행, #역사, #자연좋은곳, #자연환경, #전통사찰, #종교, #한국불교, #휴식공간, #휴식여행, #휴식하기, #휴식하기좋은곳",0,0,0,0,1,0
여사울성지,충청남도,예산군,충남 예산군,역사관광,역사유적지,1068,여사울성지,190,여사울성지,#관광지#예산여행#예산나들이#예산데이트코스#예산산책#예산성당#예산포토존,0,0,0,0,0,0
당진필경사,충청남도,당진시,충남 당진시 상록수길 97-0,역사관광,역사유적지,1036,당진필경사,175,당진필경사,#역사#당진필경사#충청권#충청남도기념물#고택#관광지#역사관광지#역사문화재#역사공부#역사속#역사탐방#역사여행#역사속으로#역사이야기,0,0,0,0,0,0
천안향교,충청남도,천안시 동남구,충남 천안시 동남구 향교1길 89-0,역사관광,역사유적지,966,천안향교,793,천안향교,"#관광지, #역사, #역사공부, #역사관광지, #역사를품은곳, #역사문화재, #역사속, #역사속으로, #역사유적, #역사유적지, #역사유적지, #역사이야기, #역사탐험, #천안향교, #충청권, #충청남도기념물",0,0,0,0,0,0
이종일선생생가지,충청남도,태안군,충남 태안군 옥파로 199-7,역사관광,역사유적지,920,이종일선생생가지,65,이종일선생생가지,"#가족여행, #관광지, #아이와함께, #역사, #역사공부, #역사관광지, #역사를품은곳, #역사문화재, #역사속, #역사속으로, #역사유적지, #역사탐험, #이종일선생생가지, #충청권, #충청남도기념물",1,0,0,1,0,0
부여금사리성당,충청남도,부여군,충남 부여군 성충로1342번길 21-0,역사관광,역사유적지,915,부여금사리성당,58,부여금사리성당,#역사#역사관광지#역사문화재#역사공부#역사속#역사탐방#역사유적#역사유적지#역사속으로#역사탐험#역사이야기#역사를품은곳#관광지,0,0,0,0,0,0
태을암,충청남도,태안군,충남 태안군 마애삼존불길 132-0,역사관광,종교성지,867,태을암,202,태을암,"#관광지, #불교, #불교문화, #사찰, #사찰여행, #역사, #자연속으로, #자연환경, #전통사찰, #종교, #한국불교, #휴식공간, #휴식여행, #휴식하기, #휴식하기좋은곳",0,0,0,0,1,0
대조사,충청남도,부여군,충남 부여군 성흥로197번길 112-0,역사관광,종교성지,851,대조사,570,대조사,"#관광지, #대조사, #불교, #불교문화, #사찰, #사찰여행, #역사, #자연속으로, #자연환경, #전통사찰, #종교, #충청권, #한국불교, #휴식공간, #휴식여행, #휴식하기, #휴식하기좋은곳",0,0,0,0,1,0
계백장군묘,충청남도,논산시,충남 논산시,역사관광,역사유적지,837,계백장군묘,201,계백장군묘,#계백장군유적지#충청권#역사유적지#아이와함께#역사#관광지#역사관광지#역사문화재#역사공부#역사속#역사탐방#역사여행#역사유적#역사속으로,0,0,0,1,0,0
천안봉선홍경사갈기비,충청남도,천안시 서북구,충남 천안시 서북구 대홍3길 77-48,역사관광,역사유적지,796,천안봉선홍경사갈기비,123,천안봉선홍경사갈기비,#천안봉선홍경사갈기비#가족여행#연인과함께#친구와함께#아이와함께#교과서속여행#전통&역사문화체험#체험학습#관광지#역사관광지#역사문화재,1,1,1,1,0,0
세심사,충청남도,아산시,충남 아산시 산양길 180-0,역사관광,종교성지,780,세심사,175,세심사,"#관광지, #불교, #불교문화, #불교사찰, #사찰, #사찰여행, #역사, #자연속으로, #자연좋은곳, #자연환경, #한국불교, #휴식공간, #휴식여행, #휴식하기, #휴식하기좋은곳",0,0,0,0,1,0
천장사,충청남도,서산시,충남 서산시 천장사길 100-0,역사관광,종교성지,780,천장사,163,천장사,"#관광지, #불교, #불교문화, #사찰여행, #역사, #자연속으로, #자연좋은곳, #자연환경, #전통사찰, #종교, #휴식공간, #휴식여행, #휴식하기, #휴식하기좋은곳",0,0,0,0,1,0
유관순열사유적지,충청남도,천안시 동남구,충남 천안시 동남구 유관순길 38-0,역사관광,역사유적지,750,유관순열사유적지,219,유관순열사유적지,#천안유관순열사유적#가족여행#아이와함께#친구와함께#연인과함께#교과서속여행#역사유적지#전통&역사문화체험#자연좋은곳#전망좋은곳#역사,1,1,1,1,0,0
신경섭가옥,충청남도,보령시,충남 보령시 장밭길 62-0,역사관광,역사유적지,694,신경섭가옥,142,신경섭가옥,#역사#신경섭전통가옥#충청권#가족여행#충청남도문화재자료#관광지#역사관광지#역사문화재#역사공부#역사속#역사유적#역사속으로#역사탐험,1,0,0,0,0,0
김좌진장군묘,충청남도,보령시,충남 보령시,역사관광,역사유적지,692,김좌진장군묘,103,김좌진장군묘,#역사#관광지#역사관광지#역사문화재#역사공부#역사속#역사탐방#역사여행#역사유적#역사유적지#역사속으로#역사탐험#역사이야기#역사를품은곳,0,0,0,0,0,0
이동녕선생생가지,충청남도,천안시 동남구,충남 천안시 동남구 동리4길 36-0,역사관광,역사유적지,632,이동녕선생생가지,78,이동녕선생생가지,#역사#이동녕선생생가지#충청권#충청남도기념물#역사유적지#역사관광지#역사문화재#역사공부#역사속#역사여행#역사유적#역사유적지#역사속으로,0,0,0,0,0,0
신원사대웅전,충청남도,공주시,충남 공주시 신원사동길 1-0,역사관광,역사유적지,610,신원사대웅전,293,신원사대웅전,#역사#관광지#불교#불교사찰#한국불교#사찰#사찰여행#종교#휴식하기좋은곳#휴식공간#휴식여행#휴식하기#자연환경#자연좋은곳#자연속으로,0,0,0,0,1,0
개삼터,충청남도,금산군,충남 금산군 개삼로 101-0,역사관광,역사유적지,603,개삼터,168,개삼터,#역사#역사관광지#역사문화재#역사공부#역사속#역사여행#역사유적#역사유적지#역사속으로#역사탐험#역사이야기#역사를품은곳#관광지,0,0,0,0,0,0
면천향교,충청남도,당진시,충남 당진시 동문2길 36-7,역사관광,역사유적지,564,면천향교,197,면천향교,#역사#면천향교#충천남도기념물#충청권#관광지#역사관광지#역사문화재#역사공부#역사속#역사탐방#역사관광#역사여행#역사유적#역사속으로,0,0,0,0,0,0
일락사,충청남도,서산시,충남 서산시 일락골길 501-0,역사관광,종교성지,541,일락사,158,일락사,"#관광지, #불교, #불교문화, #사찰, #사찰여행, #역사, #자연속으로, #자연환경, #전통사찰, #종교, #한국불교, #휴식공간, #휴식여행, #휴식하기, #휴식하기좋은곳",0,0,0,0,1,0
정암사,충청남도,홍성군,충남 홍성군 오서길 625-0,역사관광,종교성지,536,정암사,2302,정암사,"#관광지, #도심여행, #불교, #불교문화, #사찰, #사찰여행, #산사, #역사, #자연좋은곳, #자연환경, #전통사찰, #정암사, #종교, #한국불교, #휴식공간, #휴식여행, #휴식하기, #휴식하기좋은곳",0,0,0,0,1,0
인취사,충청남도,아산시,충남 아산시 서부남로790번길 20-52,역사관광,종교성지,483,인취사,41,인취사,"#관광지, #불교, #불교문화, #불교사찰, #사찰, #사찰여행, #산사, #역사, #연중무휴, #인취사(아산), #자연좋은곳, #자연풍경, #자연환경, #종교, #충청권, #한국불교, #힐링",0,0,0,0,0,0
온양향교,충청남도,아산시,충남 아산시 외암로 1414-11,역사관광,역사유적지,479,온양향교,222,온양향교,#역사#역사유적지#충청권#충청남도기념물#체험학습#전통&역사문화체험#아이와함께#가족여행#관광지#역사관광지#역사문화재#역사공부#역사속,1,0,0,1,0,0
동혈사,충청남도,공주시,충남 공주시 동혈사길 77-0,역사관광,종교성지,445,동혈사,77,동혈사,#역사#충청권#동혈사#사찰#풍경좋은곳#관광지#불교#불교문화#한국불교#전통사찰#사찰여행#자연환경#자연속으로#휴식하기좋은곳#휴식공간,0,0,0,0,1,0
수북정,충청남도,부여군,충남 부여군 수북로 76-0,역사관광,역사유적지,442,수북정,139,수북정,#역사#역사관광지#역사문화재#역사공부#역사속#역사여행#역사유적#역사유적지#역사속으로#역사탐험#역사이야기#역사를품은곳#관광지,0,0,0,0,0,0
광덕사,충청남도,예산군,충남 예산군 온천단지1로 148-0,역사관광,종교성지,424,광덕사,1480,광덕사,"#관광지, #광덕사, #불교, #불교문화, #사찰, #사찰여행, #역사, #역사유적지, #연중무휴, #자연환경, #전통사찰, #종교, #충청권, #한국불교, #휴식하기좋은곳",0,0,0,0,1,0
보덕사,충청남도,아산시,충남 아산시 송학길 162-0,역사관광,종교성지,411,보덕사,738,보덕사,"#강원권, #관광지, #교과서속여행, #보덕사, #사찰, #역사, #역사공부, #역사관광지, #역사를품은곳, #역사문화재, #역사속, #역사속으로, #역사유적, #역사유적지, #역사탐험, #유적지",0,0,0,0,0,0
당진안국사지매향암각,충청남도,당진시,충남 당진시 원당골1길 188-0,역사관광,역사유적지,363,당진안국사지매향암각,22,당진안국사지매향암각,#역사#충청권#안국사지석탑#보물#관광지#역사관광지#역사문화재#역사공부#역사속#역사탐방#역사여행#역사유적#역사속으로#역사탐험,0,0,0,0,0,0
토정이지함선생묘,충청남도,보령시,충남 보령시,역사관광,역사유적지,349,토정이지함선생묘,63,토정이지함선생묘,#역사#이지함선생묘#충청남도문화재자료#충청권#역사관광지#관광지#역사문화재#역사공부#역사속#역사탐방#역사여행#역사유적#역사유적지,0,0,0,0,0,0
연산향교,충청남도,논산시,충남 논산시 관동1길 88-12,역사관광,역사유적지,339,연산향교,305,연산향교,#역사#연산향교#역사유적지#충청남도기념물#충청권#관광지#역사관광지#역사문화재#역사공부#역사속#역사탐방#역사여행#역사유적#역사유적지,0,0,0,0,0,0
용봉사,충청남도,홍성군,충남 홍성군 용봉산1길 109-0,역사관광,종교성지,333,용봉사,410,용봉사,#역사#불교#불교문화#종교#사찰#사찰여행#자연환경#휴식공간#휴식하기 좋은곳#관광지#휴식하기#휴식여행#자연속으로#불교사찰#자연좋은곳,0,0,0,0,1,0
무량사,충청남도,태안군,충남 태안군 신두로 169-25,역사관광,종교성지,313,무량사,1773,무량사,"#관광지, #부여무량사, #불교, #불교문화, #불교사찰, #사찰, #사찰여행, #역사, #전통사찰, #종교, #충청권, #한국불교, #휴식공간, #휴식여행, #휴식하기좋은곳",0,0,0,0,1,0
안국사지석불입상,충청남도,당진시,충남 당진시 원당골1길 188-0,역사관광,역사유적지,289,안국사지석불입상,36,안국사지석불입상,#역사#충청권#안국사지석탑#보물#관광지#역사관광지#역사문화재#역사공부#역사속#역사탐방#역사여행#역사유적#역사속으로#역사탐험,0,0,0,0,0,0
황무실성지,충청남도,당진시,충남 당진시,역사관광,역사유적지,269,황무실성지,56,황무실성지,#안심관광지#안심여행#안전여행#이달의테마여행#이달의테마여행_10월#혼자여행#혼행#솔뫼성지#당진여행#충남여행#성지순례#천주교성지순례,0,0,0,0,0,0
충곡서원,충청남도,논산시,충남 논산시 충곡로269번길 60-5,역사관광,역사유적지,243,충곡서원,124,충곡서원,"#관광지, #역사, #역사공부, #역사관광지, #역사를품은곳, #역사문화재, #역사속, #역사속으로, #역사유적, #역사유적지, #역사이야기, #역사탐방, #역사탐험, #충곡서원, #충청권, #충청남도기념물",0,0,0,0,0,0
안국사지석탑,충청남도,당진시,충남 당진시 원당골1길 188-0,역사관광,역사유적지,240,안국사지석탑,79,안국사지석탑,#역사#충청권#안국사지석탑#보물#관광지#역사관광지#역사문화재#역사공부#역사속#역사탐방#역사여행#역사유적#역사속으로#역사탐험,0,0,0,0,0,0
공주향교,충청남도,공주시,충남 공주시 향교1길 30-6,역사관광,역사유적지,236,공주향교,1267,공주향교,"#공주향교, #관광지, #역사, #역사공부, #역사관광지, #역사를품은곳, #역사를품은곳, #역사문화재, #역사속, #역사속으로, #역사유적, #역사유적지, #역사유적지, #역사이야기, #역사탐험, #충청권, #충청남도기념물",0,0,0,0,0,0
정순왕후생가,충청남도,서산시,충남 서산시 한다리길 39-0,역사관광,역사유적지,229,정순왕후생가,103,정순왕후생가,"#관광지, #역사, #역사공부, #역사관광지, #역사를품은곳, #역사문화재, #역사속, #역사유적, #역사유적지, #역사탐방, #정순왕후생가, #충청권, #충청남도기념물",0,0,0,0,0,0
구한일은행강경지점,충청남도,논산시,충남 논산시 계백로167번길 50-0,역사관광,역사유적지,229,구한일은행강경지점,669,구한일은행강경지점,#역사#관광지#역사문화재#역사공부#역사적#역사관광지#역사탐방#역사유적#역사유적지#역사속으로#역사탐험#역사이야기#역사를품은곳#근대건축,0,0,0,0,0,0
임존성,충청남도,예산군,충남 예산군,역사관광,역사유적지,223,임존성,727,임존성,#역사#예산임존성#충청권#가족여행#역사관광지#사적#역사관광지#역사문화재#역사공부#역사속#역사여행#역사유적#역사유적지#역사속으로,1,0,0,0,0,0
보원사지오층석탑,충청남도,서산시,충남 서산시,역사관광,역사유적지,215,보원사지오층석탑,119,보원사지오층석탑,#역사#충청권#사적#보원사지#역사유적지#관광지#역사문화재#역사속#역사탐방#역사여행#역사유적#역사속으로#역사탐험#역사이야기#역사를품은곳,0,0,0,0,0,0
대흥향교,충청남도,예산군,충남 예산군 교촌향교길 88-0,역사관광,역사유적지,209,대흥향교,230,대흥향교,#역사#역사관광지#역사문화재#역사공부#역사속#역사여행#역사유적#역사유적지#역사속으로#역사탐험#역사이야기#역사체험#역사를품은곳#관광지,0,0,0,0,0,0
고산사,충청남도,홍성군,충남 홍성군 만해로127번길 35-99,역사관광,종교성지,200,고산사,329,고산사,"#고산사, #관광지, #문화재, #불교, #불교사찰, #사찰, #역사, #자연속으로, #자연좋은곳, #자연환경, #종교, #충청권, #한국불교, #휴식공간, #휴식여행, #휴식하기, #휴식하기좋은곳",0,0,0,0,1,0
죽사,충청남도,서산시,충남 서산시 갓고개길 242-24,역사관광,종교성지,181,죽사,726,죽사,"#관광지, #불교, #불교문화, #사찰, #사찰여행, #역사, #전통사찰, #종교, #한국불교, #휴식공간, #휴식여행, #휴식하기, #휴식하기좋은곳",0,0,0,0,1,0
태국사,충청남도,태안군,충남 태안군 안흥성길 9-29,역사관광,종교성지,171,태국사,70,태국사,"#관광지, #불교, #불교문화, #사찰, #사찰여행, #역사, #자연속으로, #자연환경, #전통사찰, #종교, #한국불교, #휴식공간, #휴식여행, #휴식하기, #휴식하기좋은곳",0,0,0,0,1,0
부여관북리백제유적,충청남도,부여군,충남 부여군,역사관광,역사유적지,168,부여관북리백제유적,650,부여관북리백제유적,#관북리유적과부소산성#가족여행#연인과함께#친구와함께#아이와함께#교과서속여행#역사유적지#자연좋은곳#유네스코세계문화유산#역사,1,1,1,1,0,0
봉서사,충청남도,서천군,충남 서천군 건지산길 122-0,역사관광,종교성지,167,봉서사,198,봉서사,"#관광지, #불교, #불교문화, #사찰, #사찰여행, #역사, #자연속으로, #자연환경, #전통사찰, #종교, #한국불교, #휴식공간, #휴식여행, #휴식하기, #휴식하기좋은곳",0,0,0,0,1,0
오천향교,충청남도,보령시,충남 보령시 향교길 45-26,역사관광,역사유적지,165,오천향교,248,오천향교,#역사#관광지#역사관광지#역사문화재#역사공부#역사속#역사탐방#역사여행#역사유적#역사유적지#역사속으로#역사탐험#역사이야기#역사를품은곳,0,0,0,0,0,0
결성향교,충청남도,홍성군,충남 홍성군 홍남서로707번길 21-8,역사관광,역사유적지,165,결성향교,300,결성향교,#역사#결성향교#역사유적지#충청권#충청남도기념물#관광지#역사관광지#역사문화재#역사공부#역사속#역사여행#역사유적#역사속으로#역사탐험,0,0,0,0,0,0
예산향교,충청남도,예산군,충남 예산군 향교길 31-0,역사관광,역사유적지,165,예산향교,921,예산향교,#역사#역사관광지#역사문화재#역사공부#역사속#역사여행#역사유적#역사속으로#역사탐험#역사이야기#역사를품은곳#관광지#역사탐방,0,0,0,0,0,0
백운사,충청남도,서산시,충남 서산시 지산철장길 95-28,역사관광,종교성지,156,백운사,1411,백운사,"#관광지, #백운사, #불교, #불교문화, #역사, #역사관광지, #자연좋은곳, #자연환경, #종교, #충청권, #한국불교, #휴식공간, #휴식여행, #휴식하기, #휴식하기좋은곳",0,0,0,0,1,0
고란사,충청남도,서산시,충남 서산시 마애삼존불길 0-0,역사관광,종교성지,150,고란사,1656,고란사,"#고란사, #고란약수, #관광지, #불교, #불교문화, #사찰여행, #역사, #자연환경, #전통사찰, #종교, #충청권, #충청남도문화재자료, #휴식하기좋은곳",0,0,0,0,1,0
공주구룡사지,충청남도,공주시,충남 공주시,역사관광,역사유적지,141,공주구룡사지,41,공주구룡사지,#역사#공주상신리당간지주#충청권#충청남도유형문화재#역사관광지#역사문화재#역사공부#역사속#역사여행#역사유적#역사유적지#역사속으로,0,0,0,0,0,0
보령향교,충청남도,보령시,충남 보령시 향교말길 45-0,역사관광,역사유적지,132,보령향교,224,보령향교,#역사#역사관광지#역사문화재#역사공부#역사속#역사여행#역사유적#역사유적지#역사속으로#역사탐험#역사이야기#역사를품은곳#관광지,0,0,0,0,0,0
망일사,충청남도,서산시,충남 서산시 망일산로 831-134,역사관광,종교성지,127,망일사,22,망일사,"#관광지, #망일사, #불교, #불교문화, #사찰, #사찰, #사찰여행, #역사, #자연속으로, #자연환경, #전통사찰, #종교, #충청권, #한국불교, #휴식공간, #휴식여행, #휴식하기, #휴식하기좋은곳",0,0,0,0,1,0
백운사,충청남도,보령시,충남 보령시 심원계곡로 259-200,역사관광,종교성지,126,백운사,1411,백운사,"#관광지, #백운사, #불교, #불교문화, #역사, #역사관광지, #자연좋은곳, #자연환경, #종교, #충청권, #한국불교, #휴식공간, #휴식여행, #휴식하기, #휴식하기좋은곳",0,0,0,0,1,0
부여송국리유적,충청남도,부여군,충남 부여군 선사로225번길 54-0,역사관광,역사유적지,125,부여송국리유적,218,부여송국리유적,#역사#역사관광지#충청권#부여송국리유적#문화재#관광지#역사문화재#역사공부#역사속#역사탐방#역사여행#역사유적#역사유적지#역사속으로,0,0,0,0,0,0
해미향교,충청남도,서산시,충남 서산시 해미향교길 2-13,역사관광,역사유적지,115,해미향교,384,해미향교,#역사#충청권#충청남도기념물#역사유적지#해미향교#체험학습#전통&역사문화체험#관광지#역사관광지#역사문화재#역사공부#역사속#역사탐방,0,0,0,0,0,0
보광사,충청남도,천안시 동남구,충남 천안시 동남구 관성3길 107-0,역사관광,종교성지,115,보광사,3232,보광사,#역사#관광지#사찰#사찰여행#불교#불교문화#한국불교#한국불교#종교#휴식하기좋은곳#휴식공간#휴식여행#휴식하기#자연환경#자연속으로,0,0,0,0,1,0
병천순대거리,충청남도,천안시 동남구,충남 천안시 동남구 아우내순대길 33-0,음식,음식점기타,61760,병천순대거리,2096,병천순대거리,#천안병천순대거리#이색음식거리#충청권#순대#순대국밥#천안맛집#먹자골목#먹방#관광지#맛집#숨은맛집#향토음식점#음식거리#해장국#남녀노소,0,0,0,0,0,0
카페모월,충청남도,서산시,충남 서산시 관청터길 7-1,음식,카페/찻집,7569,카페모월,723,카페모월,#음식#서산디저트#서산데이트코스#카페모월#서산카페#서산데이트코스#서산분위기좋은카페,0,0,0,0,0,0
레이크힐제빵소,충청남도,논산시,충남 논산시 탑정로 872-0,음식,카페/찻집,5932,레이크힐제빵소,289,레이크힐제빵소,#음식#레이크힐제빵소#논산카페#탑정호카페#논산데이트코스#논산뷰맛집#논산데이트코스,0,0,0,0,0,0
독립기념관,충청남도,천안시 동남구,충남 천안시 동남구 독립기념관로 1-0,문화관광,전시시설,159573,독립기념관,13465,독립기념관,"#3·1운동_100주년_여행지추천, #기념관, #독립기념관, #문화시설, #미세먼지_피하는_실내여행, #실내관광지, #실내여행지, #아이와함께, #어린이날가볼만하곳, #자연좋은곳, #전시관, #전통&역사문화체험, #체험학습, #충청권, #친구와함께",0,0,1,1,0,0
상화원,충청남도,보령시,충남 보령시 남포방조제로 408-52,문화관광,도시공원,51812,상화원,2285,상화원,"#infp혼행, #가족과함께, #감성사진, #관광지, #사진찍기좋은곳, #사진촬영, #연인과함께, #자연관광지, #자연좋은곳, #자연환경, #휴식여행, #휴식하기좋은곳",1,1,0,0,1,0
청산수목원,충청남도,태안군,충남 태안군 연꽃길 70-0,문화관광,테마공원,50350,청산수목원,2088,청산수목원,"#가족과함께, #가족여행, #관광지, #산책하기좋은곳, #수목원, #자연, #자연여행, #자연좋은곳, #자연환경, #청산수목원, #충청권, #휴식여행, #힐링",1,0,0,0,1,0
안면도쥬라기박물관,충청남도,태안군,충남 태안군 곰섬로 37-20,문화관광,전시시설,46416,안면도쥬라기박물관,965,안면도쥬라기박물관,#안면도쥬라기박물관#충청권#아이와함께#교과서속여행#체험학습#전시관#박물관#추억여행#이색체험#문화시설#충청권반려동물여행지#반려동물동반여행지,0,0,0,1,0,0
태안세계튤립축제,충청남도,태안군,충남 태안군 꽃지해안로 400-0,문화관광,기타문화관광지,38189,태안세계튤립축제,1356,태안세계튤립축제,#태안세계튤립축제#충청권#가볼만한축제#아이와함께#친구와함께#연인과함께#가족여행#체험학습#데이트코스#기차여행#이색체험#나들이#힐링#꽃여행,1,1,1,1,0,0
백제문화단지,충청남도,부여군,충남 부여군 백제문로 455-0,문화관광,복합관광시설,32212,백제문화단지,3583,백제문화단지,"#2021대한민국안심여행캠페인, #2022대한민국안심여행캠페인, #관광지, #교과서속여행, #드라마촬영지, #방역우수관광지, #백제문화단지, #숙박대전_가볼만한곳, #숙박대전_추천기사, #아이와함께, #안심관광지, #안심충청권여행, #역사관광지, #전통&역사문화체험, #지자체추천안심관광지, #충청권, #친구와함께",0,0,1,1,0,0
유구색동수국정원,충청남도,공주시,충남 공주시 창말길 44-0,문화관광,도시공원,30851,유구색동수국정원,1662,유구색동수국정원,#관광지#공주여행#수국#공주데이트코스#공주정원#공주산책#공주포토존,0,0,0,0,0,0
장항스카이워크,충청남도,서천군,충남 서천군 장항산단로34번길 122-16,문화관광,랜드마크관광,30657,장항스카이워크,2115,장항스카이워크,#장항스카이워크#가족여행#충청권#풍경#전망#관광지#경치좋은곳#바다경치#휴식하기좋은곳#휴식여행#휴식공간#휴식하기#이색체험,1,0,0,0,1,0
국립부여박물관,충청남도,부여군,충남 부여군 금성로 5-0,문화관광,전시시설,30231,국립부여박물관,2080,국립부여박물관,"#국립부여박물관, #기차여행, #문화시설, #박물관, #아이와함께, #전시관, #전통&역사문화체험, #체험학습, #충청권, #친구와함께",0,0,1,1,0,0
개화예술공원,충청남도,보령시,충남 보령시 성주산로 673-47,문화관광,도시공원,27911,개화예술공원,1589,개화예술공원,"#SNS속핫플레이스, #가족여행, #개화예술공원, #관광지, #기차여행, #나들이, #데이트코스, #아이와함께, #연인과함께, #예술공원, #자연좋은곳, #체험학습, #충청권, #친구와함께, #테마공원, #힐링",1,1,1,1,0,0
중앙호수공원,충청남도,서산시,충남 서산시 호수공원2로 38-0,문화관광,도시공원,27873,중앙호수공원,20042,중앙호수공원,#관광지#이색거리#산책하기좋은곳#산책로#산책하기#카페거리#휴식하기좋은곳#휴식하기#휴식여행#휴식공간#연인과함께#아이와함께#중앙호수공원,0,1,0,1,1,0
국립공주박물관,충청남도,공주시,충남 공주시 관광단지길 34-0,문화관광,전시시설,26410,국립공주박물관,2215,국립공주박물관,"#가족과함께, #교과서속여행, #국립공주박물관, #기차여행, #문화시설, #미세먼지_피하는_실내여행, #박물관, #백제문화, #실내관광지, #실내여행지, #아이와함께, #역사공부, #역사이야기, #역사탐험, #전시관, #전통역사문화체험, #체험학습, #충청권, #친구와함께",1,0,1,1,0,0
피나클랜드,충청남도,아산시,충남 아산시 월선길 20-42,문화관광,복합관광시설,25887,피나클랜드,1553,피나클랜드,"#가족여행, #걷기길, #관광지, #데이트코스, #뷰티&스파, #사진찍기, #사진찍기좋은곳, #사진촬영, #사진촬영명소, #연인과함께, #인생샷, #자연좋은곳, #전망좋은곳, #충청권, #테마파크, #피나클랜드",1,1,0,0,0,0
천안박물관,충청남도,천안시 동남구,충남 천안시 동남구 천안대로 429-13,문화관광,전시시설,25364,천안박물관,863,천안박물관,"#가족여행, #문화공간, #문화시설, #문화행사, #미세먼지_피하는_실내여행, #박물관, #복합문화공간, #실내관광지, #아이와함께, #열린문화공간, #전시공간, #전시관, #전통가옥, #천안박물관, #충청권, #한옥, #해설",1,0,0,1,0,0
삽교호함상공원,충청남도,당진시,충남 당진시 삽교천3길 79-0,문화관광,도시공원,24470,삽교호함상공원,858,삽교호함상공원,#충청권#조선#안보여행#체험학습#관광지#당진항만관광공사#역사공부#역사이야기#이색체험#체험프로그램#아이와함께#남녀노소#가족과함께,1,0,0,1,0,0
선샤인랜드,충청남도,논산시,충남 논산시 봉황로 102-0,문화관광,테마공원,20618,선샤인랜드,3331,선샤인랜드,"#2022대한민국안심여행캠페인, #가족나들이, #관광지, #논산가볼만한곳, #드라마세트장, #드라마촬영장, #미스터션샤인촬영장, #이색체험, #지자체추천안심관광지, #체험관광지",1,0,0,0,0,0
세계꽃식물원,충청남도,아산시,충남 아산시 아산만로 37-37,문화관광,테마공원,19404,세계꽃식물원,1281,세계꽃식물원,"#LIAF, #가든센터, #관광지, #꽃, #꽃여행, #데이트코스, #미세먼지_피하는_실내여행, #생태관광, #세계꽃식물원, #수목원, #식물원, #연인과함께, #연중무휴, #자연, #자연좋은곳, #전시, #충청권, #힐링",0,1,0,0,0,0
천안상록리조트,충청남도,천안시 동남구,충남 천안시 동남구 수신로 576-0,문화관광,복합관광시설,17664,천안상록리조트,279,천안상록리조트,"#가족과함께, #관광지, #숙박시설, #아이와함께, #천안가볼만한곳, #추천숙박, #편의시설, #휴식공간, #휴식여행, #휴식하기, #휴식하기좋은곳, #힐링&휴양, #힐링&휴양여행",1,0,0,1,1,0
아산생태곤충원,충청남도,아산시,충남 아산시 실옥로 216-0,문화관광,전시시설,15083,아산생태곤충원,395,아산생태곤충원,#관광지#생태곤충원#아산여행#아산가볼만한곳#아이와함께#가족과함께#교육여행#이색체험#체험프로그램#곤충체험학습,1,0,0,1,0,1
코리아플라워파크,충청남도,태안군,충남 태안군 꽃지해안로 400-0,문화관광,도시공원,13670,코리아플라워파크,1556,코리아플라워파크,"#2021대한민국안심여행캠페인, #관광지, #방역우수관광지, #안심관광지, #안심충청권여행",0,0,0,0,0,0
석장리박물관,충청남도,공주시,충남 공주시 금벽로 990-0,문화관광,전시시설,12417,석장리박물관,962,석장리박물관,"#겨울방학가볼만한곳, #교과서속여행, #문화시설, #박물관, #석장리박물관, #아이와함께, #여름방학가볼만한곳, #이색체험, #주말추천여행지, #체험학습, #충청권",0,0,0,1,0,0
보령석탄박물관,충청남도,보령시,충남 보령시 성주산로 508-0,문화관광,전시시설,11796,보령석탄박물관,449,보령석탄박물관,"#가족여행, #가족체험여행, #관광지, #문화콘텐츠, #박물관, #보령가볼만한곳, #보령석탄박물관, #산업관광, #산업관광지, #석탄박물관, #아이와함께, #이색체험, #체험학습, #충청권",1,0,0,1,0,0
천안삼거리공원,충청남도,천안시 동남구,충남 천안시 동남구 충절로 410-0,문화관광,도시공원,11593,천안삼거리공원,1572,천안삼거리공원,"#가족여행, #걷기길, #관광지, #문화행사, #삼거리공원, #아이와함께, #연인과함께, #천안삼거리공원, #충청권, #휴식공간, #휴식여행, #휴식하기, #휴식하기좋은곳",1,1,0,1,1,0
보령머드축제,충청남도,보령시,충남 보령시 해수욕장10길 5-0,문화관광,기타문화관광지,11293,보령머드축제,4464,보령머드축제,#보령머드축제#충청권#가볼만한축제#아이와함께#친구와함께#연인과함께#가족여행#체험학습#이색체험#나들이#힐링#바다풍경#여름여행#머드축제,1,1,1,1,0,0
장영실과학관,충청남도,아산시,충남 아산시 실옥로 222-0,문화관광,전시시설,10075,장영실과학관,696,장영실과학관,"#과학관, #과학체험, #교과서속여행, #교육여행, #교육체험, #교육프로그램, #문화시설, #실내관광지, #아산가볼만한곳, #아이와함께, #어린이날가볼만한곳, #장영실, #장영실과학관, #전시관, #체험, #체험학습, #충청권",0,0,0,1,0,1
금산인삼축제,충청남도,금산군,충남 금산군 인삼광장로 19-0,문화관광,기타문화관광지,9922,금산인삼축제,1080,금산인삼축제,#금산인삼축제#충청권#가볼만한축제#아이와함께#친구와함께#연인과함께#가족여행#체험학습#이색체험#나들이#힐링#특산물#인삼축제#맛,1,1,1,1,0,0
온양민속박물관,충청남도,아산시,충남 아산시 충무로 123-0,문화관광,전시시설,9302,온양민속박물관,961,온양민속박물관,"#기차여행, #문화시설, #박물관, #아이와함께, #온양민속박물관, #전시관, #전통&역사문화체험, #체험학습, #충청권, #친구와함께",0,0,1,1,0,0
천안홍대용과학관,충청남도,천안시 동남구,충남 천안시 동남구 장산서길 113-0,문화관광,전시시설,9172,천안홍대용과학관,548,천안홍대용과학관,#관광지#안심관광지#방역우수관광지#2021대한민국안심여행캠페인#안심충청권여행#지자체추천안심관광지#2022대한민국안심여행캠페인,0,0,0,0,0,0
탑정호수변생태공원,충청남도,논산시,충남 논산시,문화관광,도시공원,7911,탑정호수변생태공원,618,탑정호수변생태공원,#관광지#자연환경#자연관광지#자연풍경#자연여행#자연속으로#힐링여행#산책하기좋은곳#산책하기#아이와함께#경치좋은곳#경치여행#힐링산책#지자체추천,0,0,0,1,0,0
연미산자연미술공원,충청남도,공주시,충남 공주시,문화관광,도시공원,7689,연미산자연미술공원,800,연미산자연미술공원,#연미산자연미술공원#연미산#금강자연미술비엔날레#설치미술#관광지#문화예술공간#예술창작#문화예술활동#자연환경#예술작품#자연좋은곳#산책하기좋은곳,0,0,0,0,0,0
당진전력문화홍보관,충청남도,당진시,충남 당진시 대호만로 2424-0,문화관광,전시시설,7065,당진전력문화홍보관,44,당진전력문화홍보관,"#관광지, #교육여행, #교육장, #교육체험, #교육프로그램, #당진전력문화홍보관, #산업관광, #산업관광지, #아이와함께, #이색체험, #주말추천여행지, #체험프로그램, #체험학습, #충청권, #테마, #한국전력",0,0,0,1,0,1
청수호수공원,충청남도,천안시 동남구,충남 천안시 동남구 청수로 20-0,문화관광,도시공원,6526,청수호수공원,961,청수호수공원,#관광지#천안여행#천안데이트코스#천안공원#천안산책#천안포토존,0,0,0,0,0,0
유관순열사기념관,충청남도,천안시 동남구,충남 천안시 동남구 유관순길 38-0,문화관광,전시시설,6107,유관순열사기념관,507,유관순열사기념관,"#3·1운동_100주년_여행지추천, #독립운동, #문화시설, #역사투어, #열사, #유관순, #유관순열사, #유관순열사기념관, #천안시, #체험학습, #충청남도",0,0,0,0,0,0
보령에너지월드,충청남도,보령시,충남 보령시 오천해안로 89-37,문화관광,전시시설,5602,보령에너지월드,1029,보령에너지월드,"#가족여행, #관광지, #교육여행, #보령가볼만한곳, #보령발전본부, #보령에너지월드, #산업관광, #산업관광지, #신재생에너지, #아이와함께, #에너지월드, #이색체험, #전시관, #체험놀이터, #체험프로그램, #체험학습, #충청권, #친환경신재생에너지, #친환경에너지",1,0,0,1,0,1
속동전망대,충청남도,홍성군,충남 홍성군 남당항로 689-0,문화관광,랜드마크관광,5222,속동전망대,325,속동전망대,"#갯벌, #경치좋은곳, #관광지, #데이트코스, #바다경치, #바다전망, #바다전망대, #사진찍기좋은곳, #사진촬영, #속동갯벌, #연인과함께, #자연좋은곳, #자연환경, #전망대, #커플데이트",0,1,0,0,0,0
예산황새공원,충청남도,예산군,충남 예산군 시목대리길 62-19,문화관광,도시공원,5197,예산황새공원,843,예산황새공원,"#2021대한민국안심여행캠페인, #21_22한국관광100선, #가족여행, #관광지, #방역우수관광지, #안심관광지, #안심충청권여행, #언택트관광지_100선, #예산황새, #예산황새공원, #자연관광지, #자연좋은곳, #자연환경, #천연기념물, #충청권, #한국관광100선, #황새, #황새공원, #황새먹이주기체험, #황새문화관",1,0,0,0,0,0
계룡산자연사박물관,충청남도,공주시,충남 공주시 임금봉길 49-25,문화관광,전시시설,4960,계룡산자연사박물관,137,계룡산자연사박물관,"#기차여행, #문화시설, #박물관, #아이와함께, #이색체험, #체험학습, #충남여행",0,0,0,1,0,0
구드래조각공원,충청남도,부여군,충남 부여군,문화관광,도시공원,4732,구드래조각공원,350,구드래조각공원,"#걷기길, #관광지, #구드래조각공원, #산책길, #산책하기, #산책하기좋은곳, #예술, #충청권, #휴식공간, #휴식여행, #휴식하기, #휴식하기좋은곳, #힐링",0,0,0,0,1,0
고운식물원,충청남도,청양군,충남 청양군 식물원길 398-23,문화관광,테마공원,4646,고운식물원,402,고운식물원,"#가족여행, #고운식물원, #관광지, #사진찍기좋은곳, #산책코스, #수목원, #연중무휴, #자연, #자연좋은곳, #자연풍경, #자연환경, #충청권, #휴식여행, #휴식하기좋은곳, #힐링여행",1,0,0,0,1,0
윤봉길의사기념관,충청남도,예산군,충남 예산군 덕산온천로 183-5,문화관광,전시시설,4326,윤봉길의사기념관,1978,윤봉길의사기념관,"#교과서속여행, #기념관, #무장애, #문화시설, #아이와함께, #역사공부, #역사를품은곳, #역사속, #역사속으로, #역사여행, #역사이야기, #역사탐방, #역사탐험, #윤봉길의사기념관, #충청권",0,0,0,1,0,0
백제군사박물관,충청남도,논산시,충남 논산시 충곡로 311-54,문화관광,전시시설,3944,백제군사박물관,410,백제군사박물관,"#계백장군, #교과서속여행, #문화시설, #박물관, #백제군사박물관, #백제문화, #사계절, #실내여행지, #아이와함께, #전시관, #체험학습, #충청권",0,0,0,1,0,0
선샤인스튜디오,충청남도,논산시,충남 논산시 봉황로 90-0,문화관광,기타문화관광지,3866,선샤인스튜디오,2329,선샤인스튜디오,#관광지#이색체험#드라마촬영장#드라마세트장#아이와함께#연인과함께#커플데이트#데이트장소추천#사진찍기좋은곳#남녀노소#역사속#역사속으로,0,1,0,1,0,0
당림미술관,충청남도,아산시,충남 아산시 외암로1182번길 34-19,문화관광,전시시설,3806,당림미술관,304,당림미술관,#문화시설#당림미술관#전시관#문화예술공간#미술관#아산가볼만한곳#문화공간#문화예술#남녀노소#연인과함께,0,1,0,0,0,0
계룡문화예술의전당,충청남도,계룡시,충남 계룡시 문화1로 13-0,문화관광,공연시설,3579,계룡문화예술의전당,199,계룡문화예술의전당,#계룡문화예술의전당#충청권#가족여행#연인과함께#아이와함께#사계절#데이트코스#음악회#문화행사#상설공연#문화시설#문화공간#복합문화공간,1,1,0,1,0,0
선장포노을공원,충청남도,아산시,충남 아산시 선장로 121-10,문화관광,도시공원,3415,선장포노을공원,109,선장포노을공원,#관광지#아산여행#아산선장포#아산데이트코스#아산공원#아산산책#아산노을#아산포토존,0,0,0,0,0,0
꽃지해안공원,충청남도,태안군,충남 태안군,문화관광,도시공원,3342,꽃지해안공원,1103,꽃지해안공원,"#관광지, #꽃지해안공원, #나들이, #데이트코스, #바다풍경, #사계절, #아이와함께, #연인과함께, #자연좋은곳, #체험학습, #충청권, #친구와함께, #테마파크, #힐링",0,1,1,1,0,0
합덕수리민속박물관,충청남도,당진시,충남 당진시 덕평로 379-9,문화관광,전시시설,3337,합덕수리민속박물관,251,합덕수리민속박물관,"#교과서속여행, #문화관광해설사, #문화시설, #박물관, #사계절, #실내여행지, #아이와함께, #체험학습, #충청권, #합덕수리민속박물관",0,0,0,1,0,0
리각미술관,충청남도,천안시 동남구,충남 천안시 동남구 태조산길 245-0,문화관광,전시시설,3303,리각미술관,304,리각미술관,"#가족과함께, #남녀노소, #리각미술관, #문화시설, #미술관, #복합문화공간, #아이와함께, #열린문화공간, #이색체험, #조각가, #조각품, #체험프로그램, #충청권",1,0,0,1,0,0
청양군목재문화자연사체험관,충청남도,청양군,충남 청양군 칠갑산로 704-21,문화관광,전시시설,3111,청양군목재문화자연사체험관,253,청양군목재문화자연사체험관,#문화시설#목재문화#자연사체험관#전시관#곤충조립체험#체험프로그램#아이와함께#이색체험#가족과함께#교육여행,1,0,0,1,0,1
천안아산역동광장,충청남도,아산시,충남 아산시,문화관광,도시공원,2963,천안아산역동광장,14,천안아산역동광장,#관광지#아산여행#아산역동광장#아산데이트코스#천안아산역#아산산책#천안아산만남의광장#아산광장,0,0,0,0,0,0
이안숲속,충청남도,공주시,충남 공주시 수목원길 25-0,문화관광,테마공원,2825,이안숲속,1091,이안숲속,"#가족여행, #관광지, #수목원, #여름여행, #이안숲속, #자연, #자연&숲, #충청권, #치유, #피서여행, #힐링",1,0,0,0,0,0
충청남도역사박물관,충청남도,공주시,충남 공주시 국고개길 24-0,문화관광,전시시설,2824,충청남도역사박물관,156,충청남도역사박물관,"#공주가볼만한곳, #문화시설, #박물관, #아이와함께, #역사공부, #역사관광지, #역사를품은곳, #역사문화재, #역사속, #역사속으로, #역사여행, #역사유적, #역사이야기, #역사탐방, #역사탐험, #전시, #전통역사, #충청권, #향토문화",0,0,0,1,0,0
정안천생태공원,충청남도,공주시,충남 공주시 의당로 0-0,문화관광,도시공원,2395,정안천생태공원,451,정안천생태공원,#관광지#자연환경#자연좋은곳#자연풍경#자연여행#자연속으로#힐링여행#산책하기좋은곳#힐링산책#산책길#휴식하기좋은곳#휴식여행,0,0,0,0,1,0
국립해양문화재연구소국립태안해양유물전시관,충청남도,태안군,충남 태안군 신진대교길 94-33,문화관광,전시시설,2334,국립해양문화재연구소국립태안해양유물전시관,530,국립해양문화재연구소국립태안해양유물전시관,#문화시설#충남권#태안가볼만한곳#국립태안해양유물전시관#아이와함께#역사속으로#역사이야기#전통문화#교육여행#태안여행,0,0,0,1,0,1
아산코미디홀,충청남도,아산시,충남 아산시 아산만로 171-0,문화관광,전시시설,2014,아산코미디홀,168,아산코미디홀,#문화시설#아산여행#아산가볼만한곳#아산데이트코스#아산코미디홀#아산산책#아산포토존,0,0,0,0,0,0
백제역사문화관,충청남도,부여군,충남 부여군 백제문로 455-0,문화관광,전시시설,1893,백제역사문화관,570,백제역사문화관,"#교과서속여행, #문화시설, #박물관, #백제역사문화관, #사계절, #실내여행지, #아이와함께, #전시관, #체험학습, #충청권",0,0,0,1,0,0
백제문화체험박물관,충청남도,청양군,충남 청양군 장곡길 43-24,문화관광,전시시설,1893,백제문화체험박물관,1400,백제문화체험박물관,"#교육여행, #문화시설, #백제문화, #백제문화체험박물관, #아이와 함께, #역사공부",0,0,0,1,0,1
중앙공원,충청남도,아산시,충남 아산시 중앙공원로 41-0,문화관광,도시공원,1872,중앙공원,45320,중앙공원,"#걷기길, #관광지, #나들이, #도심공원, #문화행사, #반려동물동반여행지, #산책길, #산책하기, #산책하기좋은곳, #성남중앙공원, #수도권, #수도권반려동물여행지, #연중무휴, #자연좋은곳, #중앙공원, #휴식공간, #휴식여행, #휴식하기, #휴식하기좋은곳",0,0,0,0,1,0
금학생태공원,충청남도,공주시,충남 공주시,문화관광,도시공원,1759,금학생태공원,226,금학생태공원,#관광지#공주여행#공주데이트코스#공주공원#공주산책#공주포토존,0,0,0,0,0,0
금산인삼관,충청남도,금산군,충남 금산군 인삼광장로 30-0,문화관광,전시시설,1663,금산인삼관,358,금산인삼관,"#가족여행, #관광지, #금산인삼관, #박물관, #산업관광, #산업관광지, #아이와함께, #연중무휴, #전시관, #전통향토, #충청권, #특산물",1,0,0,1,0,0
오마이갤러리,충청남도,태안군,충남 태안군 안면대로 3175-7,문화관광,전시시설,1628,오마이갤러리,2220,오마이갤러리,"#가족과함께, #교육여행, #남녀노소, #문화시설, #사진찍기좋은곳, #사진촬영명소, #아이가_좋아하는_여행, #아이와함께, #이색전시, #이색체험, #체험프로그램, #태안가볼만한곳",1,0,0,1,0,1
영인산산림박물관,충청남도,아산시,충남 아산시 아산온천로 16-30,문화관광,전시시설,1579,영인산산림박물관,308,영인산산림박물관,#문화시설#아산여행#아산현장학습#아산데이트코스#아산박물관#아산산책#아산산림박물관#아산포토존,0,0,0,0,0,0
고남패총박물관,충청남도,태안군,충남 태안군 안면대로 4270-6,문화관광,전시시설,1571,고남패총박물관,153,고남패총박물관,"#고남패총박물관, #교과서속여행, #문화시설, #박물관, #사계절, #실내여행지, #아이와함께, #체험학습, #충청권",0,0,0,1,0,0
예당관광지,충청남도,예산군,충남 예산군 예당관광로 161-0,문화관광,복합관광시설,1559,예당관광지,885,예당관광지,"#가족여행, #경치좋은곳, #관광지, #산책길, #산책하기, #산책하기좋은곳, #예당관광지, #충청권, #휴식공간, #휴식여행, #휴식하기, #휴식하기좋은곳, #휴양여행, #힐링",1,0,0,0,1,0
보령물빛공원,충청남도,보령시,충남 보령시,문화관광,도시공원,1504,보령물빛공원,68,보령물빛공원,#관광지#보령여행#보령댐물빛공원#보령데이트코스#보령공원#보령산책#보령포토존,0,0,0,0,0,0
공주산성시장문화공원,충청남도,공주시,충남 공주시,문화관광,도시공원,1476,공주산성시장문화공원,5555,공주산성시장문화공원,#공주맛집#공주여행코스#공주시티투어#공주시#공주가볼만한곳#공주당일코스#공주산성시장#남녀노소#연인과함께#친구와함께#가족과함께#쇼핑,1,1,1,0,0,0
보령머드박물관,충청남도,보령시,충남 보령시 대해로 897-15,문화관광,전시시설,1449,보령머드박물관,667,보령머드박물관,#문화시설#보령머드박물관#충남여행#보령가볼만한곳#보령머드축제#보령머드체험관#충남가볼만한곳#보령여행,0,0,0,0,0,0
아산환경과학공원,충청남도,아산시,충남 아산시 실옥로 220-0,문화관광,도시공원,1288,아산환경과학공원,362,아산환경과학공원,#아산환경과학공원#충청권#가족여행#가족체험여행#친환경여행#체험학습#아이와함께#관광지#산책#산책코스#산책하기좋은곳,1,0,0,1,0,0
금산역사문화박물관,충청남도,금산군,충남 금산군 금산로 1575-0,문화관광,전시시설,1259,금산역사문화박물관,224,금산역사문화박물관,#문화시설#금산가볼만한곳#생활박물관#충청남도_여행지_추천#충남권#역사박물관,0,0,0,0,0,0
천안예술의전당미술관,충청남도,천안시 동남구,충남 천안시 동남구 종합휴양지로 185-0,문화관광,전시시설,1242,천안예술의전당미술관,223,천안예술의전당미술관,#문화시설#천안여행#천안데이트코스#천안미술관#천안산책#천안포토존,0,0,0,0,0,0
무궁화학습원,충청남도,계룡시,충남 계룡시,문화관광,도시공원,1203,무궁화학습원,96,무궁화학습원,"#가족과함께, #관광지, #괴목정, #산책길, #산책하기, #산책하기좋은곳, #신선객 이야기, #아이와함께, #자연관광지, #자연속으로, #자연좋은곳, #자연풍경, #자연환경",1,0,0,1,0,0
성주산전망대,충청남도,보령시,충남 보령시,문화관광,랜드마크관광,1161,성주산전망대,358,성주산전망대,#관광지#보령여행#보령관광#보령데이트코스#보령전망대#보령산책#보령포토존,0,0,0,0,0,0
유류피해극복기념관,충청남도,태안군,충남 태안군 천리포1길 120-0,문화관광,전시시설,919,유류피해극복기념관,259,유류피해극복기념관,#이색체험#미세먼지_피하는_실내여행#태안가볼만한곳#태안군#아이와함께#가족과함께#기념관#체험프로그램#교육여행#바다내음#유류피해#남녀노소,1,0,0,1,0,1
백제오감체험관,충청남도,공주시,충남 공주시 고마나루길 30-0,문화관광,전시시설,854,백제오감체험관,353,백제오감체험관,#관광지#아이와함께#체험놀이터#실내놀이터#역사체험,0,0,0,1,0,0
서동공원,충청남도,부여군,충남 부여군,문화관광,도시공원,623,서동공원,4893,서동공원,"#19_20한국관광100선, #21_22한국관광100선, #23_24한국관광100선, #가족여행, #관광지, #궁남지, #백제문화, #백제여행, #부여궁남지, #부여백제유적지, #서동공원, #서동공원과궁남지, #아이와함께, #야간관광100선, #연꽃, #연인과함께, #자연, #전통&역사문화체험, #충청권, #친구와함께, #한국관광100선",1,1,1,1,0,0
꽃지해수욕장,충청남도,태안군,충남 태안군 꽃지해안로 400-0,자연관광,자연경관(하천/해양),174713,꽃지해수욕장,10547,꽃지해수욕장,"#21_22한국관광100선, #23_24한국관광100선, #관광지, #꽃지해수욕장, #바다풍경, #아이와함께, #연인과함께, #자연, #충청권, #친구와함께, #한국관광100선",0,1,1,1,0,0
삼길포항,충청남도,서산시,충남 서산시,자연관광,자연경관(하천/해양),123048,삼길포항,2142,삼길포항,"#관광지, #낚시, #바다낚시, #삼길포항, #서해안, #서해안가볼만한곳, #자연, #충청권, #항구",0,0,0,0,0,0
몽산포해수욕장,충청남도,태안군,충남 태안군,자연관광,자연경관(하천/해양),117878,몽산포해수욕장,2524,몽산포해수욕장,"#가족여행, #관광지, #나들이, #데이트코스, #몽산포해수욕장, #바다풍경, #아이와함께, #여름여행, #연인과함께, #자연, #자연좋은곳, #체험학습, #충청권, #친구와함께, #태안해수욕장, #피서여행, #해수욕장, #힐링",1,1,1,1,0,0
대천항,충청남도,보령시,충남 보령시,자연관광,자연경관(하천/해양),102870,대천항,5862,대천항,"#가족여행, #관광지, #대천항, #서해, #수산물시장, #자연, #충청권, #친구와함께, #항구",1,0,1,0,0,0
만리포해수욕장,충청남도,태안군,충남 태안군 만리포2길 138-0,자연관광,자연경관(하천/해양),98856,만리포해수욕장,4143,만리포해수욕장,"#가족여행, #관광지, #나들이, #데이트코스, #만리포해수욕장, #바다풍경, #서해안, #서해안가볼만한곳, #아이와함께, #여름여행, #연인과함께, #자연, #자연좋은곳, #체험학습, #충청권, #친구와함께, #태안가볼만한곳, #피서여행, #해수욕장, #힐링",1,1,1,1,0,0
남당항,충청남도,홍성군,충남 홍성군 남당항로213번길 1-0,자연관광,자연경관(하천/해양),90606,남당항,5022,남당항,"#가족과함께, #관광지, #남당항, #대하, #미식여행, #바다풍경, #새조개, #수산물, #자연, #충청권",1,0,0,0,0,0
장고항,충청남도,당진시,충남 당진시 장고항로 334-0,자연관광,자연경관(하천/해양),87232,장고항,2982,장고항,#레포츠#당진장고항#충청권#가족여행#바지락잡기체험#이색체험#장고항#실치#아이와함께,1,0,0,1,0,0
무창포해수욕장,충청남도,보령시,충남 보령시 열린바다1길 10-0,자연관광,자연경관(하천/해양),72142,무창포해수욕장,2979,무창포해수욕장,"#가족여행, #관광지, #나들이, #데이트코스, #무창포해수욕장, #바다풍경, #보령가볼만한곳, #아이와함께, #여름여행, #연인과함께, #이색체험, #자연, #자연좋은곳, #체험학습, #충청권, #친구와함께, #피서여행, #힐링",1,1,1,1,0,0
홍원항,충청남도,서천군,충남 서천군,자연관광,자연경관(하천/해양),68481,홍원항,2275,홍원항,"#가족여행, #관광지, #나들이, #데이트코스, #바다풍경, #아이와함께, #여름방학가볼만한곳, #여름여행, #연인과함께, #자연, #자연좋은곳, #친구와함께, #홍원항, #힐링",1,1,1,1,0,0
춘장대해수욕장,충청남도,서천군,충남 서천군,자연관광,자연경관(하천/해양),59536,춘장대해수욕장,2050,춘장대해수욕장,"#가족여행, #관광지, #바다풍경, #서천해수욕장, #아카시아, #여름여행, #여름휴가, #연인과함께, #연중무휴, #자연, #춘장대해수욕장, #충청권, #친구와함께, #피서여행, #해송, #해수욕장",1,1,1,0,0,0
백사장항,충청남도,태안군,충남 태안군,자연관광,자연경관(하천/해양),56587,백사장항,2513,백사장항,"#가족과함께, #관광지, #내고향대표맛여행, #대하, #대하랑꽃게랑, #대하축제, #미식여행, #바다풍경, #백사장항, #섬여행, #자연, #지역특화주전부리, #충청권",1,0,0,0,0,0
청포대해수욕장,충청남도,태안군,충남 태안군,자연관광,자연경관(하천/해양),53384,청포대해수욕장,1958,청포대해수욕장,"#가족여행, #관광지, #나들이, #데이트코스, #바다풍경, #서해바다, #아이와함께, #여름여행, #연인과함께, #자연, #자연좋은곳, #청포대해수욕장, #체험학습, #충청권, #친구와함께, #태안해수욕장, #힐링",1,1,1,1,0,0
한진포구,충청남도,당진시,충남 당진시 한진포구길 49-0,자연관광,자연경관(하천/해양),52687,한진포구,1198,한진포구,#관광지#당진여행#갯벌체험#당진데이트코스#당진포구#당진산책#당진낚시,0,0,0,0,0,0
왜목마을해수욕장,충청남도,당진시,충남 당진시 왜목길 26-0,자연관광,자연경관(하천/해양),51844,왜목마을해수욕장,1736,왜목마을해수욕장,#왜목마을#충청권#해맞이&해돋이&해넘이여행#미식여행#바다풍경#마을축제#피서여행#가족여행#여름방학가볼만한곳#자연#관광지#해수욕장#자연환경,1,0,0,0,0,0
오천항,충청남도,보령시,충남 보령시 오천해안로 781-14,자연관광,자연경관(하천/해양),48869,오천항,4474,오천항,"#가족과함께, #가족여행, #관광지, #바다경치, #바다내음, #바다전망, #서해바다, #서해안가볼만한곳, #어촌마을, #오천항, #자연, #자연속으로, #자연환경, #충청권, #항구, #휴식여행, #휴식하기좋은곳",1,0,0,0,1,0
천리포수목원,충청남도,태안군,충남 태안군 천리포1길 187-0,자연관광,자연공원,47641,천리포수목원,4700,천리포수목원,"#2022대한민국안심여행캠페인, #가족과함께, #가족여행, #관광지, #수목원, #아이와함께, #자연, #자연여행, #자연좋은곳, #지자체추천안심관광지, #천리포수목원, #태안가볼만한곳, #힐링",1,0,0,1,0,0
안면도자연휴양림,충청남도,태안군,충남 태안군 안면대로 3195-6,자연관광,자연공원,45965,안면도자연휴양림,1896,안면도자연휴양림,"#가족여행, #관광지, #기차여행, #나들이, #데이트코스, #등산로, #사계절, #아이와함께, #안면도자연휴양림, #연인과함께, #자연, #자연좋은곳, #체험학습, #충청권, #친구와함께, #휴양림, #힐링",1,1,1,1,0,0
탑정호,충청남도,논산시,충남 논산시,자연관광,자연경관(하천/해양),42287,탑정호,6908,탑정호,#관광지#자연환경#자연관광지#자연풍경#자연여행#자연속으로#힐링여행#산책하기좋은곳#산책하기#아이와함께#경치좋은곳#경치여행#힐링산책#지자체추천,0,0,0,1,0,0
안면도,충청남도,태안군,충남 태안군,자연관광,자연경관(하천/해양),38266,안면도,49330,안면도,"#관광지, #섬여행, #안면도, #자연, #태안가볼만한곳",0,0,0,0,0,0
영목항,충청남도,태안군,충남 태안군 월고지길 58-0,자연관광,자연경관(하천/해양),37649,영목항,2034,영목항,"#가족과함께, #관광지, #남녀노소, #바다경치, #바다내음, #어촌마을, #자연, #자연속으로, #자연좋은곳, #자연풍경, #자연환경, #휴식여행, #휴식하기좋은곳, #힐링여행",1,0,0,0,1,0
영인산자연휴양림,충청남도,아산시,충남 아산시 아산온천로 16-26,자연관광,자연공원,34855,영인산자연휴양림,915,영인산자연휴양림,"#관광지, #숲치유, #아이와함께, #영인산자연휴양림, #자연, #자연속으로, #자연좋은곳, #자연풍경, #자연환경, #충청권, #휴식공간, #휴식여행, #휴식하기좋은곳, #휴양여행, #힐링여행",0,0,0,1,1,0
원산도해수욕장,충청남도,보령시,충남 보령시,자연관광,자연경관(하천/해양),33757,원산도해수욕장,3893,원산도해수욕장,#관광지#보령여행#원산도해수욕장#보령데이트코스#보령해수욕장#보령산책#보령포토존,0,0,0,0,0,0
예당저수지,충청남도,예산군,충남 예산군,자연관광,자연경관(하천/해양),26439,예당저수지,3043,예당저수지,"#가족과함께, #레포츠, #예당관광지, #예당저수지, #예당호, #조각공원, #충청권, #친구와함께, #힐링산책",1,0,1,0,0,0
간월도마을,충청남도,서산시,충남 서산시,자연관광,자연경관(하천/해양),23274,간월도마을,552,간월도마을,"#가족여행, #간월도마을, #갯벌, #걷기여행, #관광지, #바다풍경, #섬여행, #숙박, #아이와함께, #자연, #자연좋은곳, #충청권",1,0,0,1,0,0
파도리해수욕장,충청남도,태안군,충남 태안군,자연관광,자연경관(하천/해양),23255,파도리해수욕장,3063,파도리해수욕장,"#가족과함께, #관광지, #바다풍경, #여름휴가, #자연, #충청권, #파도리해수욕장, #휴양여행, #힐링, #힐링여행",1,0,0,0,0,0
안흥항,충청남도,태안군,충남 태안군 안흥1길 0-0,자연관광,자연경관(하천/해양),22722,안흥항,851,안흥항,"#관광지, #바다풍경, #섬여행, #안흥항, #자연, #충청권",0,0,0,0,0,0
삼봉해수욕장,충청남도,태안군,충남 태안군,자연관광,자연경관(하천/해양),22410,삼봉해수욕장,1468,삼봉해수욕장,"#가족여행, #관광지, #나들이, #데이트코스, #바다풍경, #삼봉해수욕장, #아이와함께, #여름여행, #연인과함께, #자연, #자연좋은곳, #체험학습, #충청권, #친구와함께, #피서여행, #힐링",1,1,1,1,0,0
마검포해수욕장,충청남도,태안군,충남 태안군,자연관광,자연경관(하천/해양),21730,마검포해수욕장,1043,마검포해수욕장,"#가족여행, #관광지, #마검포해수욕장, #바다풍경, #여름여행, #여름휴가, #연인과함께, #자연, #충청권, #친구와함께",1,1,1,0,0,0
원산도,충청남도,보령시,충남 보령시,자연관광,자연경관(하천/해양),21108,원산도,8138,원산도,"#2020_휴가철찾아가고싶은_33섬, #가족과함께, #관광지, #바다내음, #아이와함께, #자연, #자연마을, #자연좋은곳, #자연환경, #휴식공간, #휴식여행, #휴식하기, #휴식하기좋은곳, #힐링여행",1,0,0,1,1,0
장항송림산림욕장,충청남도,서천군,충남 서천군 장항산단로34번길 104-0,자연관광,자연공원,19256,장항송림산림욕장,1507,장항송림산림욕장,"#가족과함께, #걷기길, #관광지, #바다풍경, #산책하기좋은곳, #자연, #장항솔숲, #장항송림산림욕장, #충청권, #휴식공간, #휴식여행, #휴식하기좋은곳, #힐링산책, #힐링여행",1,0,0,0,1,0
연포해수욕장,충청남도,태안군,충남 태안군,자연관광,자연경관(하천/해양),17480,연포해수욕장,772,연포해수욕장,"#관광지, #바다풍경, #여름휴가, #연포해수욕장, #자연, #자연여행, #자연좋은곳, #자연풍경, #자연환경, #충청권, #친구와함께, #피서여행, #휴식공간, #휴식여행, #휴식하기좋은곳",0,0,1,0,1,0
독산해수욕장,충청남도,보령시,충남 보령시,자연관광,자연경관(하천/해양),17326,독산해수욕장,479,독산해수욕장,"#갯벌체험, #관광지, #나들이, #데이트코스, #독산해수욕장, #바다풍경, #아이와함께, #여름여행, #연인과함께, #자연, #자연좋은곳, #조개체험, #체험학습, #충청권, #친구와함께, #캠핑, #홀뫼해수욕장, #힐링",0,1,1,1,0,0
학암포해수욕장,충청남도,태안군,충남 태안군,자연관광,자연경관(하천/해양),17196,학암포해수욕장,1089,학암포해수욕장,"#관광지, #바다풍경, #자연, #자연좋은곳, #자연환경, #충청권, #친구와함께, #학암포해수욕장, #휴식공간, #휴식여행, #휴식하기좋은곳",0,0,1,0,1,0
운여해변,충청남도,태안군,충남 태안군,자연관광,자연경관(하천/해양),14759,운여해변,972,운여해변,"#관광지, #운여해변, #태안, #해수욕장",0,0,0,0,0,0
황금산,충청남도,서산시,충남 서산시,자연관광,자연경관(산),13992,황금산,3781,황금산,"#관광지, #서산데이트코스, #서산바위, #서산산책, #서산여행, #서산포토존",0,0,0,0,0,0
성주산자연휴양림,충청남도,보령시,충남 보령시 먹방계곡길 39-0,자연관광,자연공원,13771,성주산자연휴양림,737,성주산자연휴양림,"#걷기길, #관광지, #등산로, #성주산자연휴양림, #숲치유, #숲캉스, #아이와함께, #자연, #자연좋은곳, #자연휴양림, #충청권, #휴양여행, #힐링여행",0,0,0,1,0,0
온빛자연휴양림,충청남도,논산시,충남 논산시,자연관광,자연공원,13587,온빛자연휴양림,1236,온빛자연휴양림,"#가볼래-터, #관광지, #메타세콰이아, #여행구독, #온빛자연휴양림, #자연, #자연환경, #힐링여행",0,0,0,0,0,0
오서산자연휴양림,충청남도,보령시,충남 보령시 오서산길 531-0,자연관광,자연공원,13276,오서산자연휴양림,849,오서산자연휴양림,#국립오서산자연휴양림#충청권#자연좋은곳#등산#아이와함께#친구와함께#연인과함께#가족여행#체험학습#나들이#힐링#자연#관광지,1,1,1,1,0,0
희리산해송자연휴양림,충청남도,서천군,충남 서천군 희리산길 206-0,자연관광,자연공원,13102,희리산해송자연휴양림,302,희리산해송자연휴양림,#국립희리산해송자연휴양림#충청권#걷기길#생태관광지#등산로#자연#자연#숲치유#힐링#휴양여행#관광지#희리산자연휴양림#힐링여행#자연휴양림,0,0,0,0,0,0
천리포해수욕장,충청남도,태안군,충남 태안군,자연관광,자연경관(하천/해양),12914,천리포해수욕장,2205,천리포해수욕장,"#가족여행, #관광지, #나들이, #데이트코스, #바다풍경, #아이와함께, #여름여행, #연인과함께, #자연, #자연좋은곳, #천리포해변, #천리포해수욕장, #체험학습, #충청권, #친구와함께, #태안해수욕장, #힐링",1,1,1,1,0,0
신두리해수욕장,충청남도,태안군,충남 태안군,자연관광,자연경관(하천/해양),12607,신두리해수욕장,2913,신두리해수욕장,"#가족여행, #관광지, #신두리해수욕장, #연인과함께, #자연, #자연속으로, #자연여행, #자연풍경, #자연환경, #충청권, #친구와함께, #휴식공간, #휴식여행, #휴식하기좋은곳, #힐링여행",1,1,1,0,1,0
강당골,충청남도,아산시,충남 아산시,자연관광,자연경관(산),12436,강당골,779,강당골,"#강당골, #경치좋은곳, #관광지, #등산, #등산로, #아이와함께, #양화담, #여름피서지, #자연, #자연&숲, #자연좋은곳, #충청권, #휴식여행, #휴식하기좋은곳, #힐링",0,0,0,1,1,0
바람아래해수욕장,충청남도,태안군,충남 태안군,자연관광,자연경관(하천/해양),12135,바람아래해수욕장,439,바람아래해수욕장,"#관광지, #바다풍경, #바람아래해수욕장, #자연, #자연속으로, #자연좋은곳, #자연풍경, #자연환경, #충청권, #친구와함께, #태안해수욕장, #해수욕장, #휴식공간, #휴식여행, #휴식하기좋은곳",0,0,1,0,1,0
샛별해수욕장,충청남도,태안군,충남 태안군,자연관광,자연경관(하천/해양),12079,샛별해수욕장,454,샛별해수욕장,"#가족여행, #관광지, #바다풍경, #샛별해수욕장, #여름여행, #연인과함께, #자연, #자연좋은곳, #충청권, #친구와함께, #피서여행",1,1,1,0,0,0
신진도,충청남도,태안군,충남 태안군,자연관광,자연경관(하천/해양),11210,신진도,1937,신진도,"#관광지, #낚시, #신진도, #자연, #충청권, #풍경좋은곳, #휴식",0,0,0,0,1,0
밧개해수욕장,충청남도,태안군,충남 태안군,자연관광,자연경관(하천/해양),10437,밧개해수욕장,876,밧개해수욕장,"#가족여행, #관광지, #바다풍경, #밧개해수욕장, #여름여행, #여름휴가, #연인과함께, #자연, #충청권, #친구와함께",1,1,1,0,0,0
방포해수욕장,충청남도,태안군,충남 태안군,자연관광,자연경관(하천/해양),10369,방포해수욕장,1339,방포해수욕장,"#가족여행, #관광지, #나들이, #데이트코스, #바다풍경, #방포해수욕장, #서해바다, #서해해수욕장, #아이와함께, #여름여행, #연인과함께, #자연, #자연좋은곳, #체험학습, #충청권, #친구와함께, #태안바다, #피서여행, #힐링",1,1,1,1,0,0
비인해수욕장,충청남도,서천군,충남 서천군,자연관광,자연경관(하천/해양),9959,비인해수욕장,314,비인해수욕장,#관광지#서천여행#비인해수욕장#서천가족여행#서천갯벌체험#서천해수욕장#서천드라이브,1,0,0,0,0,0
안면도수목원,충청남도,태안군,충남 태안군 안면대로 3195-6,자연관광,자연공원,9874,안면도수목원,2418,안면도수목원,"#가족과함께, #관광지, #산책하기좋은곳, #아이와함께, #안면도, #안면도수목원, #연인과함께, #자연좋은곳, #자연환경, #자연휴양림, #친구와함께, #휴식공간, #휴식여행, #휴식하기, #휴식하기좋은곳, #힐링&여행, #힐링&휴양, #힐링산책",1,1,1,1,1,0
용봉산자연휴양림,충청남도,홍성군,충남 홍성군 용봉산2길 87-0,자연관광,자연공원,8291,용봉산자연휴양림,443,용봉산자연휴양림,"#가족과함께, #가족여행, #관광지, #등산, #등산로, #용봉산, #용봉산자연휴양림, #자연, #자연휴양림, #친구와함께",1,0,1,0,0,0
수락계곡,충청남도,논산시,충남 논산시,자연관광,자연경관(산),7873,수락계곡,2566,수락계곡,"#경치좋은곳, #관광지, #단풍여행, #대둔산도립공원, #대둔산수락계곡, #등산, #등산로, #물놀이, #수락계곡, #여름방학, #여름피서지, #자연, #충청권, #피서여행",0,0,0,0,0,0
궁리포구,충청남도,홍성군,충남 홍성군,자연관광,자연경관(하천/해양),7831,궁리포구,427,궁리포구,"#관광지, #궁리포구, #바다경치, #바다내음, #일몰여행, #자연, #자연좋은곳, #자연환경, #천수만, #충청권, #포구, #홍성12경, #홍성명품낙조",0,0,0,0,0,0
칠갑산도립공원,충청남도,청양군,충남 청양군,자연관광,자연공원,7229,칠갑산도립공원,351,칠갑산도립공원,"#가족여행, #관광지, #나들이, #데이트코스, #등산, #등산로, #아이와함께, #언택트관광지_100선, #연인과함께, #자연, #자연좋은곳, #체험학습, #친구와함께, #칠갑산도립공원, #캠핑&글램핑, #힐링",1,1,1,1,0,0
남이자연휴양림,충청남도,금산군,충남 금산군,자연관광,자연공원,7154,남이자연휴양림,736,남이자연휴양림,"#가족여행, #관광지, #나들이, #남이자연휴양림, #데이트코스, #아이와함께, #연인과함께, #이색체험, #자연, #자연좋은곳, #체험학습, #충청권, #친구와함께, #휴양림, #힐링",1,1,1,1,0,0
꾸지나무골해수욕장,충청남도,태안군,충남 태안군,자연관광,자연경관(하천/해양),6679,꾸지나무골해수욕장,460,꾸지나무골해수욕장,"#경치좋은곳, #관광지, #꾸지나무골해수욕장, #바다낚시, #바다풍경, #여름여행, #여름피서지, #자연, #자연좋은곳, #충청권, #피서여행",0,0,0,0,0,0
용두해수욕장,충청남도,보령시,충남 보령시,자연관광,자연경관(하천/해양),6639,용두해수욕장,679,용두해수욕장,"#가족여행, #관광지, #나들이, #바다풍경, #아이와함께, #여름방학가볼만한곳, #여름여행, #연인과함께, #용두해수욕장, #자연, #자연좋은곳, #충청권, #친구와함께, #피서여행, #힐링&휴양여행",1,1,1,1,0,0
어은돌해수욕장,충청남도,태안군,충남 태안군,자연관광,자연경관(하천/해양),6618,어은돌해수욕장,390,어은돌해수욕장,"#관광지, #바다풍경, #어은돌해수욕장, #여름여행, #여름피서지, #여름휴가, #연인과함께, #자연, #자연관광지, #자연좋은곳, #자연환경, #충청권",0,1,0,0,0,0
백사장해수욕장,충청남도,태안군,충남 태안군,자연관광,자연경관(하천/해양),6429,백사장해수욕장,21585,백사장해수욕장,"#가족여행, #관광지, #바다풍경, #백사장해수욕장, #여름여행, #여름휴가, #연인과함께, #자연, #충청권, #친구와함께",1,1,1,0,0,0
팔봉산,충청남도,서산시,충남 서산시,자연관광,자연경관(산),6350,팔봉산,4983,팔봉산,"#강원권, #경치좋은곳, #관광지, #등산, #산, #자연, #자연관광지, #자연발생, #자연속으로, #자연여행, #자연좋은곳, #자연풍경, #자연환경, #전망좋은곳, #팔봉산, #풍경좋은곳",0,0,0,0,0,0
안면해수욕장,충청남도,태안군,충남 태안군,자연관광,자연경관(하천/해양),6245,안면해수욕장,3420,안면해수욕장,"#가족여행, #관광지, #레포츠, #바다낚시, #바다내음, #바다풍경, #안면해수욕장, #자연, #충청권, #친구와함께, #휴식하기좋은곳",1,0,1,0,1,0
대야도항,충청남도,태안군,충남 태안군 대야로 0-0,자연관광,자연경관(하천/해양),5817,대야도항,99,대야도항,#관광지#대야도항#태안낚시#태안항구#태안여행,0,0,0,0,0,0
가야산,충청남도,서산시,충남 서산시,자연관광,자연경관(산),5809,가야산,14997,가야산,"#가야산, #가족여행, #관광지, #나들이, #단풍여행, #데이트코스, #등산, #등산로, #문화유적돌아보기, #서산마애삼존불상, #아이와함께, #연인과함께, #자연, #자연좋은곳, #체험학습, #충청권, #친구와함께, #힐링",1,1,1,1,0,0
도비도항,충청남도,당진시,충남 당진시,자연관광,자연경관(하천/해양),5773,도비도항,529,도비도항,#관광지#당진여행#당진데이트코스#당진항구#당진산책#당진낚시,0,0,0,0,0,0
칠갑산자연휴양림,충청남도,청양군,충남 청양군 칠갑산로 668-103,자연관광,자연공원,5525,칠갑산자연휴양림,234,칠갑산자연휴양림,"#가족여행, #관광지, #나들이, #데이트코스, #등산로, #아이와함께, #연인과함께, #자연, #자연좋은곳, #체험학습, #충청권, #친구와함께, #칠갑산자연휴양림, #휴양림, #힐링",1,1,1,1,0,0
천리포항,충청남도,태안군,충남 태안군,자연관광,자연경관(하천/해양),5301,천리포항,101,천리포항,#관광지#천리포항#태안낚시#태안항구#태안여행,0,0,0,0,0,0
웅도,충청남도,서산시,충남 서산시,자연관광,자연경관(하천/해양),4911,웅도,2279,웅도,"#2020비대면관광지_가을편, #2022찾아가고싶은섬, #2022찾아가고싶은섬_여름섬, #infp핫플여행, #가족과함께, #관광지, #섬, #섬여행, #아이와함께, #언택트관광지_100선, #웅도, #자연, #자연마을, #자연좋은곳, #자연풍경, #자연환경, #휴식공간, #휴식여행, #휴식하기, #휴식하기좋은곳, #힐링여행",1,0,0,1,1,0
갈음이해수욕장,충청남도,태안군,충남 태안군,자연관광,자연경관(하천/해양),4827,갈음이해수욕장,164,갈음이해수욕장,"#갈음이해수욕장, #경치좋은곳, #관광지, #바다풍경, #연인과함께, #영화&드라마촬영지, #자연, #자연좋은곳, #충청권, #친구와함께",0,1,1,0,0,0
아미산,충청남도,당진시,충남 당진시,자연관광,자연경관(산),4825,아미산,5012,아미산,"#경치여행, #경치좋은곳, #관광지, #등산, #등산객, #자연관광지, #자연속으로, #자연여행, #자연좋은곳, #자연풍경, #자연환경",0,0,0,0,0,0
오서산,충청남도,홍성군,충남 홍성군,자연관광,자연경관(산),4498,오서산,3405,오서산,"#2020비대면관광지_가을편, #관광지, #등산, #등산로, #오서산, #자연, #전망좋은곳, #충청권",0,0,0,0,0,0
곰섬해수욕장,충청남도,태안군,충남 태안군,자연관광,자연경관(하천/해양),4336,곰섬해수욕장,266,곰섬해수욕장,#관광지#곰섬해수욕장#태안피서지#태안해수욕장#태안여행,0,0,0,0,0,0
광덕산,충청남도,아산시,충남 아산시,자연관광,자연경관(산),4085,광덕산,6677,광덕산,"#가족과함께, #관광지, #광덕산(아산), #나홀로여행, #등산, #연인과함께, #자연, #충청권, #친구와함께, #힐링",1,1,1,0,0,0
광덕산,충청남도,천안시 동남구,충남 천안시 동남구,자연관광,자연경관(산),3771,광덕산,6677,광덕산,"#가족과함께, #관광지, #광덕산(아산), #나홀로여행, #등산, #연인과함께, #자연, #충청권, #친구와함께, #힐링",1,1,1,0,0,0
양촌자연휴양림,충청남도,논산시,충남 논산시 매죽헌로1723번길 0-0,자연관광,자연공원,3759,양촌자연휴양림,139,양촌자연휴양림,#관광지#논산여행#논산물놀이#논산드라이브#논산휴양림#논산산책#논산데이트코스,0,0,0,0,0,0
장삼포해수욕장,충청남도,태안군,충남 태안군,자연관광,자연경관(하천/해양),3748,장삼포해수욕장,216,장삼포해수욕장,"#가족여행, #관광지, #레포츠, #바다낚시, #바다풍경, #아이와함께, #연인과함께, #자연, #자연학습장, #장삼포해수욕장, #충청권, #친구와함께",1,1,1,1,0,0
옥녀봉,충청남도,논산시,충남 논산시,자연관광,자연경관(산),3734,옥녀봉,9751,옥녀봉,"#경치여행, #경치좋은곳, #관광지, #등산, #등산객, #자연, #자연속으로, #자연여행, #자연좋은곳, #자연풍경, #자연환경, #힐링여행",0,0,0,0,0,0
의항해수욕장,충청남도,태안군,충남 태안군,자연관광,자연경관(하천/해양),3694,의항해수욕장,255,의항해수욕장,"#가족여행, #관광지, #바다낚시, #바다풍경, #아이와함께, #의항해수욕장, #자연, #체험학습, #충청권, #휴식여행, #휴식하기좋은곳",1,0,0,1,1,0
만수산자연휴양림,충청남도,부여군,충남 부여군 휴양로 107-0,자연관광,자연공원,3310,만수산자연휴양림,110,만수산자연휴양림,"#관광지, #부여가볼만한곳, #자연, #자연휴양림",0,0,0,0,0,0
백리포해수욕장,충청남도,태안군,충남 태안군,자연관광,자연경관(하천/해양),3215,백리포해수욕장,218,백리포해수욕장,"#가족과함께, #관광지, #백리포해수욕장, #여름피서지, #여름휴양지, #자연, #자연좋은곳, #자연풍경, #자연환경, #휴식하기좋은곳",1,0,0,0,1,0
어은돌항,충청남도,태안군,충남 태안군 연들길 111-0,자연관광,자연경관(하천/해양),2907,어은돌항,101,어은돌항,#관광지#어은돌항#태안가볼만한곳#태안선상낚시#태안낚시#태안여행,0,0,0,0,0,0
성암저수지,충청남도,서산시,충남 서산시,자연관광,자연경관(하천/해양),2890,성암저수지,137,성암저수지,#관광지#성암저수지#서산나들이#서산저수지#서산가볼만한곳,0,0,0,0,0,0
성주계곡,충청남도,보령시,충남 보령시,자연관광,자연경관(산),2830,성주계곡,3389,성주계곡,#자연#심연동계곡#성주계곡#충청권#계곡#피서#관광지#자연환경#자연발생#자연좋은곳#자연풍경#자연여행#자연속으로#휴식하기좋은곳#여름피서지,0,0,0,0,1,0
구례포해수욕장,충청남도,태안군,충남 태안군,자연관광,자연경관(하천/해양),2710,구례포해수욕장,250,구례포해수욕장,"#관광지, #구례포해수욕장, #드라마촬영지, #바다경치, #바다내음, #바다풍경, #여름피서지, #자연, #충청권, #휴식하기좋은곳",0,0,0,0,1,0
계룡산국립공원,충청남도,공주시,충남 공주시 동학사1로 327-6,자연관광,자연공원,2347,계룡산국립공원,1904,계룡산국립공원,#가족과함께#가족여행#계룡산#계룡산국립공원#관광지#나들이#데이트코스#등산#등산로#아이와함께#연인과함께#자연#자연좋은곳#체험학습#충청권#친구와함께#힐링,1,1,1,1,0,0
구름포해수욕장,충청남도,태안군,충남 태안군,자연관광,자연경관(하천/해양),2188,구름포해수욕장,219,구름포해수욕장,"#가족여행, #관광지, #구름포해수욕장, #바다낚시, #바다풍경, #아이와함께, #여름피서지, #자연, #자연좋은곳, #충청권",1,0,0,1,0,0
수룡항포구,충청남도,홍성군,충남 홍성군 홍보로 1165-0,자연관광,자연경관(하천/해양),2172,수룡항포구,50,수룡항포구,#관광지#수룡항포구#홍성풍력발전#홍성포구#홍성여행#홍성가볼만한곳,0,0,0,0,0,0
대둔산자연휴양림,충청남도,금산군,충남 금산군 대둔산로 6-0,자연관광,자연공원,2165,대둔산자연휴양림,567,대둔산자연휴양림,"#관광지, #대둔산자연휴양림, #자연, #자연과함께, #자연여행, #자연좋은곳, #자연풍경, #자연환경, #휴식여행, #휴식하기좋은곳, #힐링여행",0,0,0,0,1,0
난지도해수욕장,충청남도,당진시,충남 당진시,자연관광,자연경관(하천/해양),1958,난지도해수욕장,243,난지도해수욕장,#자연#충청권#난지섬해수욕장#바다#여름피서지#관광지#바다경치#바다내음#휴식하기좋은곳#휴식여행#자연환경#자연좋은곳#지자체추천안심관광지,0,0,0,0,1,0
갈목해변,충청남도,서천군,충남 서천군 와석길18번길 0-0,자연관광,자연경관(하천/해양),1830,갈목해변,73,갈목해변,#관광지#서천여행#서천데이트코스#서천산책#서천해변#서천드라이브,0,0,0,0,0,0
천장호,충청남도,청양군,충남 청양군,자연관광,자연경관(하천/해양),1702,천장호,1784,천장호,"#관광지, #낚시, #산책하기좋은곳, #자연, #자연관광지, #자연여행, #자연좋은곳, #자연풍경, #자연환경, #천장호, #충청권",0,0,0,0,0,0
기지포해수욕장,충청남도,태안군,충남 태안군,자연관광,자연경관(하천/해양),1634,기지포해수욕장,453,기지포해수욕장,"#가족여행, #관광지, #기지포해수욕장, #바다풍경, #여름여행, #여름피서지, #여름휴가, #연인과함께, #자연, #충청권, #친구와함께",1,1,1,0,0,0
두여해수욕장,충청남도,태안군,충남 태안군,자연관광,자연경관(하천/해양),1593,두여해수욕장,166,두여해수욕장,"#경치여행, #경치좋은곳, #관광지, #여름피서지, #자연, #자연속으로, #자연여행, #자연좋은곳, #자연풍경, #자연환경, #해수욕장",0,0,0,0,0,0
만리포항,충청남도,태안군,충남 태안군,자연관광,자연경관(하천/해양),1302,만리포항,105,만리포항,#관광지#만리포항#만리포항빨간등대#태안낚시#태안항구#태안여행,0,0,0,0,0,0
백월산,충청남도,홍성군,충남 홍성군,자연관광,자연경관(산),1255,백월산,775,백월산,"#경상권, #관광지, #백월산, #자연, #전망좋은곳, #트레킹",0,0,0,0,0,0
동학사계곡,충청남도,공주시,충남 공주시,자연관광,자연경관(산),1234,동학사계곡,2523,동학사계곡,"#가족여행, #경치좋은곳, #계곡, #관광지, #동학사계곡, #등산, #등산로, #봄꽃여행, #여름가볼만한곳, #여름여행, #자연, #자연좋은곳, #충청권",1,0,0,0,0,0
작천계곡,충청남도,청양군,충남 청양군,자연관광,자연경관(산),1214,작천계곡,123,작천계곡,"#관광지, #여름피서지, #자연, #작천계곡, #충청권",0,0,0,0,0,0
영인산,충청남도,아산시,충남 아산시,자연관광,자연경관(산),1112,영인산,2345,영인산,"#관광지, #등산, #영인산, #자연, #자연좋은곳, #전망좋은곳, #충청권",0,0,0,0,0,0
장안해수욕장,충청남도,보령시,충남 보령시,자연관광,자연경관(하천/해양),908,장안해수욕장,1640,장안해수욕장,"#가족여행, #관광지, #나들이, #바다풍경, #아이와함께, #여름방학가볼만한곳, #여름여행, #연인과함께, #자연, #자연좋은곳, #장안해수욕장, #충청권, #친구와함께, #피서여행, #힐링&휴양여행",1,1,1,1,0,0
덕산도립공원,충청남도,예산군,충남 예산군,자연관광,자연공원,891,덕산도립공원,428,덕산도립공원,"#가족여행, #관광지, #나들이, #덕산도립공원, #데이트코스, #등산, #등산로, #아이와함께, #연인과함께, #자연, #자연좋은곳, #체험학습, #충청권, #친구와함께, #힐링",1,1,1,1,0,0
행담도,충청남도,당진시,충남 당진시,자연관광,자연경관(하천/해양),760,행담도,3957,행담도,#관광지#당진여행#당진나들이#당진섬#당진행담도#당진가볼만한곳#행담도휴게소,0,0,0,0,0,0
반산저수지,충청남도,부여군,충남 부여군,자연관광,자연경관(하천/해양),726,반산저수지,63,반산저수지,"#레포츠, #반산저수지, #부여, #부여군, #부여저수지, #저수지",0,0,0,0,0,0
설화산,충청남도,아산시,충남 아산시,자연관광,자연경관(산),680,설화산,813,설화산,"#경치좋은곳, #관광지, #눈꽃&설경여행, #등산, #등산로, #설화산, #자연, #자연좋은곳, #충청권",0,0,0,0,0,0
죽도,충청남도,홍성군,충남 홍성군,자연관광,자연경관(하천/해양),659,죽도,109938,죽도,"#가족과함께, #관광지, #바다내음, #보령여행, #섬여행, #자연, #자연속으로, #자연여행, #자연좋은곳, #자연풍경, #자연환경",1,0,0,0,0,0
덕숭산,충청남도,예산군,충남 예산군,자연관광,자연경관(산),626,덕숭산,1529,덕숭산,"#관광지, #덕숭산, #등산, #자연, #충청권, #트레킹",0,0,0,0,0,0
백화산,충청남도,태안군,충남 태안군,자연관광,자연경관(산),626,백화산,2683,백화산,"#경치여행, #경치좋은곳, #관광지, #등산, #등산여행, #자연, #자연관광지, #자연속으로, #자연여행, #자연좋은곳, #자연풍경, #자연환경",0,0,0,0,0,0
삼길포해수욕장,충청남도,서산시,충남 서산시,자연관광,자연경관(하천/해양),619,삼길포해수욕장,197,삼길포해수욕장,#자연#삼길포항#항구#충청권#낚시#관광지#서해안#서해안가볼만한곳#바다낚시,0,0,0,0,0,0
냉천골계곡,충청남도,태안군,충남 태안군,자연관광,자연경관(산),554,냉천골계곡,113,냉천골계곡,#자연#충청권#냉천골#관광지#여름피서지,0,0,0,0,0,0
심연동계곡,충청남도,보령시,충남 보령시,자연관광,자연경관(산),433,심연동계곡,39,심연동계곡,"#계곡, #관광지, #성주계곡, #심연동계곡, #여름피서지, #자연, #자연발생, #자연속으로, #자연여행, #자연좋은곳, #자연풍경, #자연환경, #충청권, #피서, #휴식하기좋은곳",0,0,0,0,1,0
예당호출렁다리,충청남도,예산군,충남 예산군,기타관광,기타관광,100524,예당호출렁다리,3683,예당호출렁다리,"#21_22한국관광100선, #관광지, #야간관광100선, #예당호, #예당호관광지, #예당호출렁다리, #출렁다리, #충남가볼만한곳, #충남권, #충청권, #한국관광100선",0,0,0,0,0,0
국립생태원,충청남도,서천군,충남 서천군 금강로 1210-0,기타관광,기타관광,64004,국립생태원,8505,국립생태원,"#가족여행, #관광지, #무더위_피해_실내여행, #서천국립생태원, #아이가_좋아하는_여행, #아이와함께, #이색체험, #자연, #자연좋은곳, #자연체험, #자연환경, #친환경여행, #힐링",1,0,0,1,0,0
탑정호출렁다리,충청남도,논산시,충남 논산시,기타관광,기타관광,57837,탑정호출렁다리,3903,탑정호출렁다리,#논산#출렁다리#이색#자연#가족과함께#주말#여행#관광지,1,0,0,0,0,0
지중해마을,충청남도,아산시,충남 아산시 탕정면로8번길 55-7,기타관광,기타관광,49476,지중해마을,12663,지중해마을,"#감성사진, #관광지, #데이트장소추천, #사진찍기, #사진찍기좋은곳, #사진촬영, #연인과함께, #이색거리, #지중해마을, #친구와함께, #커플데이트",0,1,1,0,0,0
천장호출렁다리,충청남도,청양군,충남 청양군,기타관광,기타관광,27451,천장호출렁다리,1330,천장호출렁다리,"#2022대한민국안심여행캠페인, #가족과함께, #경치좋은곳, #관광지, #남녀노소, #담양가볼만한곳, #사진찍기좋은곳, #사진촬영, #스카이워크, #아이와함께, #이색체험, #자연좋은곳, #전국이색다리, #전국출렁다리, #지자체추천안심관광지, #천장호출렁다리, #청양가볼만한곳, #출렁다리, #충남여행, #충청권",1,0,0,1,0,0
내포보부상촌,충청남도,예산군,충남 예산군 온천단지1로 55-1,기타관광,기타관광,20952,내포보부상촌,1084,내포보부상촌,#관광지#휴식여행#휴식하기좋은곳#자연환경#아이와함께#교육여행#가족과함께#산책하기좋은곳#역사공부#역사이야기#전통여행#한국전통#이색체험,1,0,0,1,1,1
신성리갈대밭,충청남도,서천군,충남 서천군,기타관광,기타관광,17558,신성리갈대밭,1431,신성리갈대밭,"#가족여행, #관광지, #기차여행, #나들이, #나홀로여행, #데이트코스, #문화관광해설사, #신성리갈대밭, #아이와함께, #연인과함께, #자연, #자연좋은곳, #체험학습, #충청권, #친구와함께, #힐링",1,1,1,1,0,0
아산퍼스트빌리지공룡월드,충청남도,아산시,충남 아산시 해위안길 127-0,기타관광,기타관광,9173,아산퍼스트빌리지공룡월드,444,아산퍼스트빌리지공룡월드,#문화시설#아산퍼스트빌리지공룡월드#아산가볼만한곳#아산공룡#아산여행,0,0,0,0,0,0
적벽강,충청남도,금산군,충남 금산군,기타관광,기타관광,6297,적벽강,2460,적벽강,"#관광지, #자연",0,0,0,0,0,0
로보카폴리안전체험공원,충청남도,공주시,충남 공주시 월미동길 219-0,기타관광,기타관광,4558,로보카폴리안전체험공원,215,로보카폴리안전체험공원,#관광지#공주여행#공주안전체험공원#공주데이트코스#공주공원#공주산책#공주로보카폴리#공주포토존,0,0,0,0,0,0
네이처월드,충청남도,태안군,충남 태안군 마검포길 200-0,기타관광,기타관광,4510,네이처월드,2728,네이처월드,"#SNS감성사진, #감성사진, #관광지, #남녀노소, #데이트장소추천, #사진찍기좋은곳, #사진촬영명소, #연인과함께, #커플데이트, #태안가볼만한곳, #태안빛죽제, #태안축제",0,1,0,0,0,0
충청남도안전체험관,충청남도,천안시 동남구,충남 천안시 동남구 태조산길 267-17,기타관광,기타관광,3317,충청남도안전체험관,365,충청남도안전체험관,#충청남도안전체험관#충청권#아이와함께#이색체험#여름방학가볼만한곳#체험학습#체험#관광지#교육프로그램#체험프로그램#체험교육#안전교육#교육여행,0,0,0,1,0,1
안면도미로공원,충청남도,태안군,충남 태안군,기타관광,기타관광,2808,안면도미로공원,282,안면도미로공원,"#가족힐링, #경치좋은곳, #관광지, #미로공원, #미로정원, #바람아래관광농원, #사진찍기, #사진찍기좋은곳, #사진촬영명소, #숙박시설, #안면도미로공원, #연인과함께, #친구와함께, #휴식공원, #휴식여행, #휴식하기좋은곳",1,1,1,0,1,0
천수만,충청남도,서산시,충남 서산시,기타관광,기타관광,2061,천수만,4002,천수만,"#관광지, #자연, #천수만, #철새도래지, #충청권, #탐조관광명소",0,0,0,0,0,0
단풍나무숲길독립기념관,충청남도,천안시 동남구,충남 천안시 동남구 삼방로 159-0,기타관광,기타관광,1802,단풍나무숲길독립기념관,2495,단풍나무숲길독립기념관,#문화시설#천안여행#천안데이트코스#천안단풍#천안산책#천안포토존,0,0,0,0,0,0
안흥유람선,충청남도,태안군,충남 태안군 신진부두길 109-0,기타관광,교통시설,927,안흥유람선,91,안흥유람선,#추천가볼만한곳#8월추천가볼만한곳#2018년8월추천가볼만한곳#유람선여행#태안가볼만한곳,0,0,0,0,0,0
서산해미읍성회화나무,충청남도,서산시,충남 서산시 남문2로 143-0,기타관광,기타관광,819,서산해미읍성회화나무,1455,서산해미읍성회화나무,"#가족여행, #관광지, #서산해미읍성회화나무, #아이와함께, #충청권, #충청남도기념물",1,0,0,1,0,0
할미할아비바위,충청남도,태안군,충남 태안군,기타관광,기타관광,765,할미할아비바위,1460,할미할아비바위,#관광지#할미할아비바위#꽃지해수욕장#태안여행#서해낙조명소#태안가볼만한곳,0,0,0,0,0,0
석문국가산업단지음악분수대,충청남도,당진시,충남 당진시 석문방조제로 1621-0,기타관광,기타관광,746,석문국가산업단지음악분수대,57,석문국가산업단지음악분수대,#관광지#당진여행#당진음악분수#당진데이트코스#당진분수대#당진산책#당진석문분수대#당진포토존,0,0,0,0,0,0
코끼리바위,충청남도,서산시,충남 서산시,기타관광,기타관광,736,코끼리바위,13268,코끼리바위,"#경상권, #공암, #관광지, #국가지질공원, #기암괴석, #울릉도_독도_국가지질공원, #울릉도독도지질공원, #울릉도코끼리바위, #자연, #자연관광지, #자연발생, #자연속으로, #자연여행, #자연좋은곳, #자연풍경, #자연환경, #지질공원, #지질명소, #코끼리바위",0,0,0,0,0,0
사비도성가상체험관,충청남도,부여군,충남 부여군 부소로 15-0,기타관광,기타관광,555,사비도성가상체험관,157,사비도성가상체험관,#문화시설#사비도성가상체험관#이색체험#가족이색체험#아이와함께#가족과함께#체험프로그램#VR여행#VR체험관#VR체험#남녀노소,1,0,0,1,0,0
은포리해안도로,충청남도,보령시,충남 보령시,기타관광,데이트코스,376,은포리해안도로,9,은포리해안도로,"#경치좋은곳, #관광지, #남녀노소, #드라이브여행, #드라이브코스, #바다경치, #바다내음, #연인과함께, #해안도로, #해안드라이브, #휴식공간, #휴식여행, #휴식하기, #휴식하기좋은곳",0,1,0,0,1,0
홍성방조제,충청남도,보령시,충남 보령시,기타관광,기타관광,151,홍성방조제,451,홍성방조제,"#관광지, #바다풍경, #자연, #충청권, #홍성방조제, #힐링",0,0,0,0,0,0
신비의바닷길,충청남도,보령시,충남 보령시,기타관광,기타관광,99,신비의바닷길,4901,신비의바닷길,"#가족여행, #관광지, #모세의기적, #신비의바닷길, #아이와함께, #이색체험, #자연, #진도신비의바닷길, #친구와함께",1,0,1,1,0,0
독일마을,충청남도,당진시,충남 당진시 고대로 0-0,기타관광,기타관광,57,독일마을,19821,독일마을,"##19_20한국관광100선, #19_20한국관광100선, #2021대한민국안심여행캠페인, #21_22한국관광100선, #경상권, #관광지, #교과서속여행, #기차여행, #나들이, #데이트코스, #독일마을, #방역우수관광지, #사진찍기좋은곳, #아이와함께, #안심경상권여행, #안심관광지, #연인과함께, #이색체험, #체험학습, #친구와함께, #한국관광100선, #힐링",0,1,1,1,0,0
코끼리바위,충청남도,홍성군,충남 홍성군,기타관광,기타관광,45,코끼리바위,13268,코끼리바위,"#경상권, #공암, #관광지, #국가지질공원, #기암괴석, #울릉도_독도_국가지질공원, #울릉도독도지질공원, #울릉도코끼리바위, #자연, #자연관광지, #자연발생, #자연속으로, #자연여행, #자연좋은곳, #자연풍경, #자연환경, #지질공원, #지질명소, #코끼리바위",0,0,0,0,0,0
